,date,daily_revenue,avg_item_price,quantity,total_orders,revenue_lag_1,avg_item_price_lag_1,quantity_lag_1,total_orders_lag_1,revenue_lag_2,avg_item_price_lag_2,quantity_lag_2,total_orders_lag_2,revenue_lag_3,avg_item_price_lag_3,quantity_lag_3,total_orders_lag_3,revenue_lag_4,avg_item_price_lag_4,quantity_lag_4,total_orders_lag_4,revenue_lag_5,avg_item_price_lag_5,quantity_lag_5,total_orders_lag_5,revenue_lag_6,avg_item_price_lag_6,quantity_lag_6,total_orders_lag_6,revenue_lag_7,avg_item_price_lag_7,quantity_lag_7,total_orders_lag_7,revenue_rolling_mean_7,avg_item_price_rolling_mean_7,quantity_rolling_mean_7,total_orders_rolling_mean_7,day_of_week
151,2022-01-11,480,20.0,24,3,1140.0,30.0,31.0,4.0,940.0,40.0,17.0,2.0,250.0,50.0,5.0,1.0,1235.0,29.0,41.0,5.0,120.0,20.0,6.0,1.0,260.0,20.0,13.0,1.0,420.0,60.0,7.0,1.0,632.1428571428571,29.857142857142858,19.571428571428573,2.4285714285714284,1
181,2022-01-12,940,43.333333333333336,21,3,480.0,20.0,24.0,3.0,1140.0,30.0,31.0,4.0,940.0,40.0,17.0,2.0,250.0,50.0,5.0,1.0,1235.0,29.0,41.0,5.0,120.0,20.0,6.0,1.0,260.0,20.0,13.0,1.0,729.2857142857143,33.19047619047619,20.714285714285715,2.7142857142857144,2
35,2022-02-04,1500,50.0,30,2,940.0,43.333333333333336,21.0,3.0,480.0,20.0,24.0,3.0,1140.0,30.0,31.0,4.0,940.0,40.0,17.0,2.0,250.0,50.0,5.0,1.0,1235.0,29.0,41.0,5.0,120.0,20.0,6.0,1.0,926.4285714285714,37.476190476190474,24.142857142857142,2.857142857142857,4
46,2022-02-05,400,40.0,10,1,1500.0,50.0,30.0,2.0,940.0,43.333333333333336,21.0,3.0,480.0,20.0,24.0,3.0,1140.0,30.0,31.0,4.0,940.0,40.0,17.0,2.0,250.0,50.0,5.0,1.0,1235.0,29.0,41.0,5.0,807.1428571428571,39.047619047619044,19.714285714285715,2.2857142857142856,5
58,2022-02-06,160,40.0,4,1,400.0,40.0,10.0,1.0,1500.0,50.0,30.0,2.0,940.0,43.333333333333336,21.0,3.0,480.0,20.0,24.0,3.0,1140.0,30.0,31.0,4.0,940.0,40.0,17.0,2.0,250.0,50.0,5.0,1.0,794.2857142857143,37.61904761904761,19.571428571428573,2.2857142857142856,6
69,2022-02-07,1015,28.333333333333332,37,6,160.0,40.0,4.0,1.0,400.0,40.0,10.0,1.0,1500.0,50.0,30.0,2.0,940.0,43.333333333333336,21.0,3.0,480.0,20.0,24.0,3.0,1140.0,30.0,31.0,4.0,940.0,40.0,17.0,2.0,805.0,35.95238095238095,22.428571428571427,2.857142857142857,0
81,2022-02-08,680,33.333333333333336,19,3,1015.0,28.333333333333332,37.0,6.0,160.0,40.0,4.0,1.0,400.0,40.0,10.0,1.0,1500.0,50.0,30.0,2.0,940.0,43.333333333333336,21.0,3.0,480.0,20.0,24.0,3.0,1140.0,30.0,31.0,4.0,739.2857142857143,36.42857142857143,20.714285714285715,2.7142857142857144,1
122,2022-02-10,1245,35.0,39,6,680.0,33.333333333333336,19.0,3.0,1015.0,28.333333333333332,37.0,6.0,160.0,40.0,4.0,1.0,400.0,40.0,10.0,1.0,1500.0,50.0,30.0,2.0,940.0,43.333333333333336,21.0,3.0,480.0,20.0,24.0,3.0,848.5714285714286,38.57142857142857,22.857142857142858,3.142857142857143,3
152,2022-02-11,1520,42.0,32,5,1245.0,35.0,39.0,6.0,680.0,33.333333333333336,19.0,3.0,1015.0,28.333333333333332,37.0,6.0,160.0,40.0,4.0,1.0,400.0,40.0,10.0,1.0,1500.0,50.0,30.0,2.0,940.0,43.333333333333336,21.0,3.0,931.4285714285714,38.38095238095237,24.428571428571427,3.4285714285714284,4
182,2022-02-12,1490,41.666666666666664,35,3,1520.0,42.0,32.0,5.0,1245.0,35.0,39.0,6.0,680.0,33.333333333333336,19.0,3.0,1015.0,28.333333333333332,37.0,6.0,160.0,40.0,4.0,1.0,400.0,40.0,10.0,1.0,1500.0,50.0,30.0,2.0,930.0,37.19047619047619,25.142857142857142,3.5714285714285716,5
36,2022-03-04,480,33.333333333333336,22,3,1490.0,41.666666666666664,35.0,3.0,1520.0,42.0,32.0,5.0,1245.0,35.0,39.0,6.0,680.0,33.333333333333336,19.0,3.0,1015.0,28.333333333333332,37.0,6.0,160.0,40.0,4.0,1.0,400.0,40.0,10.0,1.0,941.4285714285714,36.238095238095234,26.857142857142858,3.857142857142857,4
47,2022-03-05,1105,31.25,37,4,480.0,33.333333333333336,22.0,3.0,1490.0,41.666666666666664,35.0,3.0,1520.0,42.0,32.0,5.0,1245.0,35.0,39.0,6.0,680.0,33.333333333333336,19.0,3.0,1015.0,28.333333333333332,37.0,6.0,160.0,40.0,4.0,1.0,1076.4285714285713,34.988095238095234,31.571428571428573,4.285714285714286,5
70,2022-03-07,460,40.0,17,3,1105.0,31.25,37.0,4.0,480.0,33.333333333333336,22.0,3.0,1490.0,41.666666666666664,35.0,3.0,1520.0,42.0,32.0,5.0,1245.0,35.0,39.0,6.0,680.0,33.333333333333336,19.0,3.0,1015.0,28.333333333333332,37.0,6.0,997.1428571428571,36.65476190476191,28.714285714285715,3.857142857142857,0
82,2022-03-08,195,22.5,8,2,460.0,40.0,17.0,3.0,1105.0,31.25,37.0,4.0,480.0,33.333333333333336,22.0,3.0,1490.0,41.666666666666664,35.0,3.0,1520.0,42.0,32.0,5.0,1245.0,35.0,39.0,6.0,680.0,33.333333333333336,19.0,3.0,927.8571428571429,35.107142857142854,27.142857142857142,3.7142857142857144,1
92,2022-03-09,365,22.5,15,2,195.0,22.5,8.0,2.0,460.0,40.0,17.0,3.0,1105.0,31.25,37.0,4.0,480.0,33.333333333333336,22.0,3.0,1490.0,41.666666666666664,35.0,3.0,1520.0,42.0,32.0,5.0,1245.0,35.0,39.0,6.0,802.1428571428571,33.32142857142857,23.714285714285715,3.142857142857143,2
123,2022-03-10,865,30.0,22,4,365.0,22.5,15.0,2.0,195.0,22.5,8.0,2.0,460.0,40.0,17.0,3.0,1105.0,31.25,37.0,4.0,480.0,33.333333333333336,22.0,3.0,1490.0,41.666666666666664,35.0,3.0,1520.0,42.0,32.0,5.0,708.5714285714286,31.607142857142858,22.285714285714285,3.0,3
153,2022-03-11,700,45.0,16,2,865.0,30.0,22.0,4.0,365.0,22.5,15.0,2.0,195.0,22.5,8.0,2.0,460.0,40.0,17.0,3.0,1105.0,31.25,37.0,4.0,480.0,33.333333333333336,22.0,3.0,1490.0,41.666666666666664,35.0,3.0,595.7142857142857,32.083333333333336,19.571428571428573,2.857142857142857,4
183,2022-03-12,550,21.666666666666668,24,3,700.0,45.0,16.0,2.0,865.0,30.0,22.0,4.0,365.0,22.5,15.0,2.0,195.0,22.5,8.0,2.0,460.0,40.0,17.0,3.0,1105.0,31.25,37.0,4.0,480.0,33.333333333333336,22.0,3.0,605.7142857142857,30.416666666666664,19.857142857142858,2.857142857142857,5
37,2022-04-04,2500,50.0,48,4,550.0,21.666666666666668,24.0,3.0,700.0,45.0,16.0,2.0,865.0,30.0,22.0,4.0,365.0,22.5,15.0,2.0,195.0,22.5,8.0,2.0,460.0,40.0,17.0,3.0,1105.0,31.25,37.0,4.0,805.0,33.095238095238095,21.428571428571427,2.857142857142857,0
48,2022-04-05,955,28.75,34,4,2500.0,50.0,48.0,4.0,550.0,21.666666666666668,24.0,3.0,700.0,45.0,16.0,2.0,865.0,30.0,22.0,4.0,365.0,22.5,15.0,2.0,195.0,22.5,8.0,2.0,460.0,40.0,17.0,3.0,875.7142857142857,31.48809523809524,23.857142857142858,3.0,1
59,2022-04-06,40,20.0,2,1,955.0,28.75,34.0,4.0,2500.0,50.0,48.0,4.0,550.0,21.666666666666668,24.0,3.0,700.0,45.0,16.0,2.0,865.0,30.0,22.0,4.0,365.0,22.5,15.0,2.0,195.0,22.5,8.0,2.0,853.5714285714286,31.130952380952383,23.0,2.857142857142857,2
71,2022-04-07,1025,31.25,31,4,40.0,20.0,2.0,1.0,955.0,28.75,34.0,4.0,2500.0,50.0,48.0,4.0,550.0,21.666666666666668,24.0,3.0,700.0,45.0,16.0,2.0,865.0,30.0,22.0,4.0,365.0,22.5,15.0,2.0,947.8571428571429,32.38095238095239,25.285714285714285,3.142857142857143,3
83,2022-04-08,525,21.666666666666668,24,3,1025.0,31.25,31.0,4.0,40.0,20.0,2.0,1.0,955.0,28.75,34.0,4.0,2500.0,50.0,48.0,4.0,550.0,21.666666666666668,24.0,3.0,700.0,45.0,16.0,2.0,865.0,30.0,22.0,4.0,899.2857142857143,31.190476190476193,25.571428571428573,3.0,4
93,2022-04-09,780,60.0,13,2,525.0,21.666666666666668,24.0,3.0,1025.0,31.25,31.0,4.0,40.0,20.0,2.0,1.0,955.0,28.75,34.0,4.0,2500.0,50.0,48.0,4.0,550.0,21.666666666666668,24.0,3.0,700.0,45.0,16.0,2.0,910.7142857142857,33.333333333333336,25.142857142857142,3.0,5
124,2022-04-10,700,32.5,22,2,780.0,60.0,13.0,2.0,525.0,21.666666666666668,24.0,3.0,1025.0,31.25,31.0,4.0,40.0,20.0,2.0,1.0,955.0,28.75,34.0,4.0,2500.0,50.0,48.0,4.0,550.0,21.666666666666668,24.0,3.0,932.1428571428571,34.88095238095239,24.857142857142858,2.857142857142857,6
154,2022-04-11,260,20.0,13,1,700.0,32.5,22.0,2.0,780.0,60.0,13.0,2.0,525.0,21.666666666666668,24.0,3.0,1025.0,31.25,31.0,4.0,40.0,20.0,2.0,1.0,955.0,28.75,34.0,4.0,2500.0,50.0,48.0,4.0,612.1428571428571,30.5952380952381,19.857142857142858,2.4285714285714284,0
184,2022-04-12,1765,37.0,43,5,260.0,20.0,13.0,1.0,700.0,32.5,22.0,2.0,780.0,60.0,13.0,2.0,525.0,21.666666666666668,24.0,3.0,1025.0,31.25,31.0,4.0,40.0,20.0,2.0,1.0,955.0,28.75,34.0,4.0,727.8571428571429,31.773809523809526,21.142857142857142,2.5714285714285716,1
244,2022-04-14,660,60.0,11,1,1765.0,37.0,43.0,5.0,260.0,20.0,13.0,1.0,700.0,32.5,22.0,2.0,780.0,60.0,13.0,2.0,525.0,21.666666666666668,24.0,3.0,1025.0,31.25,31.0,4.0,40.0,20.0,2.0,1.0,816.4285714285714,37.48809523809524,22.428571428571427,2.5714285714285716,3
245,2022-04-15,75,25.0,3,1,660.0,60.0,11.0,1.0,1765.0,37.0,43.0,5.0,260.0,20.0,13.0,1.0,700.0,32.5,22.0,2.0,780.0,60.0,13.0,2.0,525.0,21.666666666666668,24.0,3.0,1025.0,31.25,31.0,4.0,680.7142857142857,36.595238095238095,18.428571428571427,2.142857142857143,4
246,2022-04-16,735,45.0,15,3,75.0,25.0,3.0,1.0,660.0,60.0,11.0,1.0,1765.0,37.0,43.0,5.0,260.0,20.0,13.0,1.0,700.0,32.5,22.0,2.0,780.0,60.0,13.0,2.0,525.0,21.666666666666668,24.0,3.0,710.7142857142857,39.92857142857143,17.142857142857142,2.142857142857143,5
247,2022-04-17,1245,45.0,28,3,735.0,45.0,15.0,3.0,75.0,25.0,3.0,1.0,660.0,60.0,11.0,1.0,1765.0,37.0,43.0,5.0,260.0,20.0,13.0,1.0,700.0,32.5,22.0,2.0,780.0,60.0,13.0,2.0,777.1428571428571,37.785714285714285,19.285714285714285,2.2857142857142856,6
248,2022-04-18,240,20.0,12,1,1245.0,45.0,28.0,3.0,735.0,45.0,15.0,3.0,75.0,25.0,3.0,1.0,660.0,60.0,11.0,1.0,1765.0,37.0,43.0,5.0,260.0,20.0,13.0,1.0,700.0,32.5,22.0,2.0,711.4285714285714,36.0,17.857142857142858,2.142857142857143,0
249,2022-04-19,280,50.0,5,2,240.0,20.0,12.0,1.0,1245.0,45.0,28.0,3.0,735.0,45.0,15.0,3.0,75.0,25.0,3.0,1.0,660.0,60.0,11.0,1.0,1765.0,37.0,43.0,5.0,260.0,20.0,13.0,1.0,714.2857142857143,40.285714285714285,16.714285714285715,2.2857142857142856,1
250,2022-04-20,740,33.333333333333336,21,3,280.0,50.0,5.0,2.0,240.0,20.0,12.0,1.0,1245.0,45.0,28.0,3.0,735.0,45.0,15.0,3.0,75.0,25.0,3.0,1.0,660.0,60.0,11.0,1.0,1765.0,37.0,43.0,5.0,567.8571428571429,39.76190476190476,13.571428571428571,2.0,2
251,2022-04-21,405,21.666666666666668,18,3,740.0,33.333333333333336,21.0,3.0,280.0,50.0,5.0,2.0,240.0,20.0,12.0,1.0,1245.0,45.0,28.0,3.0,735.0,45.0,15.0,3.0,75.0,25.0,3.0,1.0,660.0,60.0,11.0,1.0,531.4285714285714,34.285714285714285,14.571428571428571,2.2857142857142856,3
252,2022-04-22,280,20.0,14,1,405.0,21.666666666666668,18.0,3.0,740.0,33.333333333333336,21.0,3.0,280.0,50.0,5.0,2.0,240.0,20.0,12.0,1.0,1245.0,45.0,28.0,3.0,735.0,45.0,15.0,3.0,75.0,25.0,3.0,1.0,560.7142857142857,33.57142857142857,16.142857142857142,2.2857142857142856,4
253,2022-04-23,1005,31.25,39,4,280.0,20.0,14.0,1.0,405.0,21.666666666666668,18.0,3.0,740.0,33.333333333333336,21.0,3.0,280.0,50.0,5.0,2.0,240.0,20.0,12.0,1.0,1245.0,45.0,28.0,3.0,735.0,45.0,15.0,3.0,599.2857142857143,31.607142857142858,19.571428571428573,2.4285714285714284,5
254,2022-04-24,160,20.0,8,3,1005.0,31.25,39.0,4.0,280.0,20.0,14.0,1.0,405.0,21.666666666666668,18.0,3.0,740.0,33.333333333333336,21.0,3.0,280.0,50.0,5.0,2.0,240.0,20.0,12.0,1.0,1245.0,45.0,28.0,3.0,444.2857142857143,28.035714285714285,16.714285714285715,2.4285714285714284,6
255,2022-04-25,180,20.0,9,2,160.0,20.0,8.0,3.0,1005.0,31.25,39.0,4.0,280.0,20.0,14.0,1.0,405.0,21.666666666666668,18.0,3.0,740.0,33.333333333333336,21.0,3.0,280.0,50.0,5.0,2.0,240.0,20.0,12.0,1.0,435.7142857142857,28.035714285714285,16.285714285714285,2.5714285714285716,0
256,2022-04-26,820,35.0,27,4,180.0,20.0,9.0,2.0,160.0,20.0,8.0,3.0,1005.0,31.25,39.0,4.0,280.0,20.0,14.0,1.0,405.0,21.666666666666668,18.0,3.0,740.0,33.333333333333336,21.0,3.0,280.0,50.0,5.0,2.0,512.8571428571429,25.892857142857142,19.428571428571427,2.857142857142857,1
257,2022-04-27,220,20.0,11,2,820.0,35.0,27.0,4.0,180.0,20.0,9.0,2.0,160.0,20.0,8.0,3.0,1005.0,31.25,39.0,4.0,280.0,20.0,14.0,1.0,405.0,21.666666666666668,18.0,3.0,740.0,33.333333333333336,21.0,3.0,438.57142857142856,23.988095238095237,18.0,2.7142857142857144,2
258,2022-04-28,140,20.0,7,1,220.0,20.0,11.0,2.0,820.0,35.0,27.0,4.0,180.0,20.0,9.0,2.0,160.0,20.0,8.0,3.0,1005.0,31.25,39.0,4.0,280.0,20.0,14.0,1.0,405.0,21.666666666666668,18.0,3.0,400.7142857142857,23.75,16.428571428571427,2.4285714285714284,3
259,2022-04-29,160,20.0,8,1,140.0,20.0,7.0,1.0,220.0,20.0,11.0,2.0,820.0,35.0,27.0,4.0,180.0,20.0,9.0,2.0,160.0,20.0,8.0,3.0,1005.0,31.25,39.0,4.0,280.0,20.0,14.0,1.0,383.57142857142856,23.75,15.571428571428571,2.4285714285714284,4
260,2022-04-30,1715,38.75,43,4,160.0,20.0,8.0,1.0,140.0,20.0,7.0,1.0,220.0,20.0,11.0,2.0,820.0,35.0,27.0,4.0,180.0,20.0,9.0,2.0,160.0,20.0,8.0,3.0,1005.0,31.25,39.0,4.0,485.0,24.821428571428573,16.142857142857142,2.4285714285714284,5
38,2022-05-04,100,50.0,2,1,1715.0,38.75,43.0,4.0,160.0,20.0,8.0,1.0,140.0,20.0,7.0,1.0,220.0,20.0,11.0,2.0,820.0,35.0,27.0,4.0,180.0,20.0,9.0,2.0,160.0,20.0,8.0,3.0,476.42857142857144,29.107142857142858,15.285714285714286,2.142857142857143,2
49,2022-05-05,1245,32.5,36,4,100.0,50.0,2.0,1.0,1715.0,38.75,43.0,4.0,160.0,20.0,8.0,1.0,140.0,20.0,7.0,1.0,220.0,20.0,11.0,2.0,820.0,35.0,27.0,4.0,180.0,20.0,9.0,2.0,628.5714285714286,30.892857142857142,19.142857142857142,2.4285714285714284,3
60,2022-05-06,200,20.0,10,2,1245.0,32.5,36.0,4.0,100.0,50.0,2.0,1.0,1715.0,38.75,43.0,4.0,160.0,20.0,8.0,1.0,140.0,20.0,7.0,1.0,220.0,20.0,11.0,2.0,820.0,35.0,27.0,4.0,540.0,28.75,16.714285714285715,2.142857142857143,4
72,2022-05-07,300,20.0,15,1,200.0,20.0,10.0,2.0,1245.0,32.5,36.0,4.0,100.0,50.0,2.0,1.0,1715.0,38.75,43.0,4.0,160.0,20.0,8.0,1.0,140.0,20.0,7.0,1.0,220.0,20.0,11.0,2.0,551.4285714285714,28.75,17.285714285714285,2.0,5
84,2022-05-08,965,35.0,29,3,300.0,20.0,15.0,1.0,200.0,20.0,10.0,2.0,1245.0,32.5,36.0,4.0,100.0,50.0,2.0,1.0,1715.0,38.75,43.0,4.0,160.0,20.0,8.0,1.0,140.0,20.0,7.0,1.0,669.2857142857143,30.892857142857142,20.428571428571427,2.2857142857142856,6
94,2022-05-09,700,35.0,24,3,965.0,35.0,29.0,3.0,300.0,20.0,15.0,1.0,200.0,20.0,10.0,2.0,1245.0,32.5,36.0,4.0,100.0,50.0,2.0,1.0,1715.0,38.75,43.0,4.0,160.0,20.0,8.0,1.0,746.4285714285714,33.035714285714285,22.714285714285715,2.5714285714285716,0
125,2022-05-10,640,20.0,32,4,700.0,35.0,24.0,3.0,965.0,35.0,29.0,3.0,300.0,20.0,15.0,1.0,200.0,20.0,10.0,2.0,1245.0,32.5,36.0,4.0,100.0,50.0,2.0,1.0,1715.0,38.75,43.0,4.0,592.8571428571429,30.357142857142858,21.142857142857142,2.5714285714285716,1
155,2022-05-11,1170,34.0,37,5,640.0,20.0,32.0,4.0,700.0,35.0,24.0,3.0,965.0,35.0,29.0,3.0,300.0,20.0,15.0,1.0,200.0,20.0,10.0,2.0,1245.0,32.5,36.0,4.0,100.0,50.0,2.0,1.0,745.7142857142857,28.071428571428573,26.142857142857142,3.142857142857143,2
185,2022-05-12,480,26.666666666666668,18,3,1170.0,34.0,37.0,5.0,640.0,20.0,32.0,4.0,700.0,35.0,24.0,3.0,965.0,35.0,29.0,3.0,300.0,20.0,15.0,1.0,200.0,20.0,10.0,2.0,1245.0,32.5,36.0,4.0,636.4285714285714,27.238095238095237,23.571428571428573,3.0,3
261,2022-05-13,885,28.333333333333332,30,3,480.0,26.666666666666668,18.0,3.0,1170.0,34.0,37.0,5.0,640.0,20.0,32.0,4.0,700.0,35.0,24.0,3.0,965.0,35.0,29.0,3.0,300.0,20.0,15.0,1.0,200.0,20.0,10.0,2.0,734.2857142857143,28.428571428571427,26.428571428571427,3.142857142857143,4
262,2022-05-14,830,32.5,24,4,885.0,28.333333333333332,30.0,3.0,480.0,26.666666666666668,18.0,3.0,1170.0,34.0,37.0,5.0,640.0,20.0,32.0,4.0,700.0,35.0,24.0,3.0,965.0,35.0,29.0,3.0,300.0,20.0,15.0,1.0,810.0,30.214285714285715,27.714285714285715,3.5714285714285716,5
263,2022-05-15,1220,32.0,45,5,830.0,32.5,24.0,4.0,885.0,28.333333333333332,30.0,3.0,480.0,26.666666666666668,18.0,3.0,1170.0,34.0,37.0,5.0,640.0,20.0,32.0,4.0,700.0,35.0,24.0,3.0,965.0,35.0,29.0,3.0,846.4285714285714,29.785714285714285,30.0,3.857142857142857,6
264,2022-05-16,1090,27.5,32,4,1220.0,32.0,45.0,5.0,830.0,32.5,24.0,4.0,885.0,28.333333333333332,30.0,3.0,480.0,26.666666666666668,18.0,3.0,1170.0,34.0,37.0,5.0,640.0,20.0,32.0,4.0,700.0,35.0,24.0,3.0,902.1428571428571,28.714285714285715,31.142857142857142,4.0,0
265,2022-05-17,140,20.0,7,1,1090.0,27.5,32.0,4.0,1220.0,32.0,45.0,5.0,830.0,32.5,24.0,4.0,885.0,28.333333333333332,30.0,3.0,480.0,26.666666666666668,18.0,3.0,1170.0,34.0,37.0,5.0,640.0,20.0,32.0,4.0,830.7142857142857,28.714285714285715,27.571428571428573,3.5714285714285716,1
266,2022-05-18,730,35.0,17,2,140.0,20.0,7.0,1.0,1090.0,27.5,32.0,4.0,1220.0,32.0,45.0,5.0,830.0,32.5,24.0,4.0,885.0,28.333333333333332,30.0,3.0,480.0,26.666666666666668,18.0,3.0,1170.0,34.0,37.0,5.0,767.8571428571429,28.857142857142858,24.714285714285715,3.142857142857143,2
267,2022-05-19,260,30.0,10,2,730.0,35.0,17.0,2.0,140.0,20.0,7.0,1.0,1090.0,27.5,32.0,4.0,1220.0,32.0,45.0,5.0,830.0,32.5,24.0,4.0,885.0,28.333333333333332,30.0,3.0,480.0,26.666666666666668,18.0,3.0,736.4285714285714,29.333333333333336,23.571428571428573,3.0,3
268,2022-05-20,510,23.75,21,4,260.0,30.0,10.0,2.0,730.0,35.0,17.0,2.0,140.0,20.0,7.0,1.0,1090.0,27.5,32.0,4.0,1220.0,32.0,45.0,5.0,830.0,32.5,24.0,4.0,885.0,28.333333333333332,30.0,3.0,682.8571428571429,28.678571428571427,22.285714285714285,3.142857142857143,4
269,2022-05-21,1140,35.0,40,4,510.0,23.75,21.0,4.0,260.0,30.0,10.0,2.0,730.0,35.0,17.0,2.0,140.0,20.0,7.0,1.0,1090.0,27.5,32.0,4.0,1220.0,32.0,45.0,5.0,830.0,32.5,24.0,4.0,727.1428571428571,29.035714285714285,24.571428571428573,3.142857142857143,5
270,2022-05-22,2320,47.5,46,4,1140.0,35.0,40.0,4.0,510.0,23.75,21.0,4.0,260.0,30.0,10.0,2.0,730.0,35.0,17.0,2.0,140.0,20.0,7.0,1.0,1090.0,27.5,32.0,4.0,1220.0,32.0,45.0,5.0,884.2857142857143,31.25,24.714285714285715,3.0,6
271,2022-05-23,120,20.0,6,2,2320.0,47.5,46.0,4.0,1140.0,35.0,40.0,4.0,510.0,23.75,21.0,4.0,260.0,30.0,10.0,2.0,730.0,35.0,17.0,2.0,140.0,20.0,7.0,1.0,1090.0,27.5,32.0,4.0,745.7142857142857,30.178571428571427,21.0,2.7142857142857144,0
272,2022-05-24,770,45.0,16,2,120.0,20.0,6.0,2.0,2320.0,47.5,46.0,4.0,1140.0,35.0,40.0,4.0,510.0,23.75,21.0,4.0,260.0,30.0,10.0,2.0,730.0,35.0,17.0,2.0,140.0,20.0,7.0,1.0,835.7142857142857,33.75,22.285714285714285,2.857142857142857,1
273,2022-05-25,1060,38.75,29,4,770.0,45.0,16.0,2.0,120.0,20.0,6.0,2.0,2320.0,47.5,46.0,4.0,1140.0,35.0,40.0,4.0,510.0,23.75,21.0,4.0,260.0,30.0,10.0,2.0,730.0,35.0,17.0,2.0,882.8571428571429,34.285714285714285,24.0,3.142857142857143,2
274,2022-05-26,550,35.0,18,3,1060.0,38.75,29.0,4.0,770.0,45.0,16.0,2.0,120.0,20.0,6.0,2.0,2320.0,47.5,46.0,4.0,1140.0,35.0,40.0,4.0,510.0,23.75,21.0,4.0,260.0,30.0,10.0,2.0,924.2857142857143,35.0,25.142857142857142,3.2857142857142856,3
275,2022-05-27,2050,38.333333333333336,60,6,550.0,35.0,18.0,3.0,1060.0,38.75,29.0,4.0,770.0,45.0,16.0,2.0,120.0,20.0,6.0,2.0,2320.0,47.5,46.0,4.0,1140.0,35.0,40.0,4.0,510.0,23.75,21.0,4.0,1144.2857142857142,37.08333333333333,30.714285714285715,3.5714285714285716,4
276,2022-05-28,400,20.0,20,2,2050.0,38.333333333333336,60.0,6.0,550.0,35.0,18.0,3.0,1060.0,38.75,29.0,4.0,770.0,45.0,16.0,2.0,120.0,20.0,6.0,2.0,2320.0,47.5,46.0,4.0,1140.0,35.0,40.0,4.0,1038.5714285714287,34.94047619047619,27.857142857142858,3.2857142857142856,5
277,2022-05-29,220,20.0,11,2,400.0,20.0,20.0,2.0,2050.0,38.333333333333336,60.0,6.0,550.0,35.0,18.0,3.0,1060.0,38.75,29.0,4.0,770.0,45.0,16.0,2.0,120.0,20.0,6.0,2.0,2320.0,47.5,46.0,4.0,738.5714285714286,31.011904761904763,22.857142857142858,3.0,6
278,2022-05-30,620,45.0,13,2,220.0,20.0,11.0,2.0,400.0,20.0,20.0,2.0,2050.0,38.333333333333336,60.0,6.0,550.0,35.0,18.0,3.0,1060.0,38.75,29.0,4.0,770.0,45.0,16.0,2.0,120.0,20.0,6.0,2.0,810.0,34.583333333333336,23.857142857142858,3.0,0
279,2022-05-31,440,35.0,10,2,620.0,45.0,13.0,2.0,220.0,20.0,11.0,2.0,400.0,20.0,20.0,2.0,2050.0,38.333333333333336,60.0,6.0,550.0,35.0,18.0,3.0,1060.0,38.75,29.0,4.0,770.0,45.0,16.0,2.0,762.8571428571429,33.154761904761905,23.0,3.0,1
50,2022-06-05,800,21.25,37,4,440.0,35.0,10.0,2.0,620.0,45.0,13.0,2.0,220.0,20.0,11.0,2.0,400.0,20.0,20.0,2.0,2050.0,38.333333333333336,60.0,6.0,550.0,35.0,18.0,3.0,1060.0,38.75,29.0,4.0,725.7142857142857,30.654761904761905,24.142857142857142,3.0,6
61,2022-06-06,820,30.0,26,4,800.0,21.25,37.0,4.0,440.0,35.0,10.0,2.0,620.0,45.0,13.0,2.0,220.0,20.0,11.0,2.0,400.0,20.0,20.0,2.0,2050.0,38.333333333333336,60.0,6.0,550.0,35.0,18.0,3.0,764.2857142857143,29.940476190476193,25.285714285714285,3.142857142857143,0
73,2022-06-07,100,40.0,3,2,820.0,30.0,26.0,4.0,800.0,21.25,37.0,4.0,440.0,35.0,10.0,2.0,620.0,45.0,13.0,2.0,220.0,20.0,11.0,2.0,400.0,20.0,20.0,2.0,2050.0,38.333333333333336,60.0,6.0,485.7142857142857,30.178571428571427,17.142857142857142,2.5714285714285716,1
85,2022-06-08,160,20.0,8,2,100.0,40.0,3.0,2.0,820.0,30.0,26.0,4.0,800.0,21.25,37.0,4.0,440.0,35.0,10.0,2.0,620.0,45.0,13.0,2.0,220.0,20.0,11.0,2.0,400.0,20.0,20.0,2.0,451.42857142857144,30.178571428571427,15.428571428571429,2.5714285714285716,2
95,2022-06-09,560,30.0,21,2,160.0,20.0,8.0,2.0,100.0,40.0,3.0,2.0,820.0,30.0,26.0,4.0,800.0,21.25,37.0,4.0,440.0,35.0,10.0,2.0,620.0,45.0,13.0,2.0,220.0,20.0,11.0,2.0,500.0,31.607142857142858,16.857142857142858,2.5714285714285716,3
126,2022-06-10,80,40.0,2,1,560.0,30.0,21.0,2.0,160.0,20.0,8.0,2.0,100.0,40.0,3.0,2.0,820.0,30.0,26.0,4.0,800.0,21.25,37.0,4.0,440.0,35.0,10.0,2.0,620.0,45.0,13.0,2.0,422.85714285714283,30.892857142857142,15.285714285714286,2.4285714285714284,4
156,2022-06-11,1560,42.5,38,4,80.0,40.0,2.0,1.0,560.0,30.0,21.0,2.0,160.0,20.0,8.0,2.0,100.0,40.0,3.0,2.0,820.0,30.0,26.0,4.0,800.0,21.25,37.0,4.0,440.0,35.0,10.0,2.0,582.8571428571429,31.964285714285715,19.285714285714285,2.7142857142857144,5
280,2022-06-13,460,35.0,14,4,1560.0,42.5,38.0,4.0,80.0,40.0,2.0,1.0,560.0,30.0,21.0,2.0,160.0,20.0,8.0,2.0,100.0,40.0,3.0,2.0,820.0,30.0,26.0,4.0,800.0,21.25,37.0,4.0,534.2857142857143,33.92857142857143,16.0,2.7142857142857144,0
281,2022-06-14,50,50.0,1,1,460.0,35.0,14.0,4.0,1560.0,42.5,38.0,4.0,80.0,40.0,2.0,1.0,560.0,30.0,21.0,2.0,160.0,20.0,8.0,2.0,100.0,40.0,3.0,2.0,820.0,30.0,26.0,4.0,424.2857142857143,36.785714285714285,12.428571428571429,2.2857142857142856,1
282,2022-06-15,860,40.0,17,2,50.0,50.0,1.0,1.0,460.0,35.0,14.0,4.0,1560.0,42.5,38.0,4.0,80.0,40.0,2.0,1.0,560.0,30.0,21.0,2.0,160.0,20.0,8.0,2.0,100.0,40.0,3.0,2.0,532.8571428571429,36.785714285714285,14.428571428571429,2.2857142857142856,2
283,2022-06-16,660,40.0,15,3,860.0,40.0,17.0,2.0,50.0,50.0,1.0,1.0,460.0,35.0,14.0,4.0,1560.0,42.5,38.0,4.0,80.0,40.0,2.0,1.0,560.0,30.0,21.0,2.0,160.0,20.0,8.0,2.0,604.2857142857143,39.642857142857146,15.428571428571429,2.4285714285714284,3
284,2022-06-17,1140,40.0,27,2,660.0,40.0,15.0,3.0,860.0,40.0,17.0,2.0,50.0,50.0,1.0,1.0,460.0,35.0,14.0,4.0,1560.0,42.5,38.0,4.0,80.0,40.0,2.0,1.0,560.0,30.0,21.0,2.0,687.1428571428571,41.07142857142857,16.285714285714285,2.4285714285714284,4
285,2022-06-18,475,25.0,19,3,1140.0,40.0,27.0,2.0,660.0,40.0,15.0,3.0,860.0,40.0,17.0,2.0,50.0,50.0,1.0,1.0,460.0,35.0,14.0,4.0,1560.0,42.5,38.0,4.0,80.0,40.0,2.0,1.0,743.5714285714286,38.92857142857143,18.714285714285715,2.7142857142857144,5
286,2022-06-19,940,43.333333333333336,18,3,475.0,25.0,19.0,3.0,1140.0,40.0,27.0,2.0,660.0,40.0,15.0,3.0,860.0,40.0,17.0,2.0,50.0,50.0,1.0,1.0,460.0,35.0,14.0,4.0,1560.0,42.5,38.0,4.0,655.0,39.047619047619044,15.857142857142858,2.5714285714285716,6
287,2022-06-20,500,26.666666666666668,20,3,940.0,43.333333333333336,18.0,3.0,475.0,25.0,19.0,3.0,1140.0,40.0,27.0,2.0,660.0,40.0,15.0,3.0,860.0,40.0,17.0,2.0,50.0,50.0,1.0,1.0,460.0,35.0,14.0,4.0,660.7142857142857,37.857142857142854,16.714285714285715,2.4285714285714284,0
288,2022-06-22,455,22.5,19,2,500.0,26.666666666666668,20.0,3.0,940.0,43.333333333333336,18.0,3.0,475.0,25.0,19.0,3.0,1140.0,40.0,27.0,2.0,660.0,40.0,15.0,3.0,860.0,40.0,17.0,2.0,50.0,50.0,1.0,1.0,718.5714285714286,33.92857142857143,19.285714285714285,2.5714285714285716,2
289,2022-06-24,530,35.0,16,2,455.0,22.5,19.0,2.0,500.0,26.666666666666668,20.0,3.0,940.0,43.333333333333336,18.0,3.0,475.0,25.0,19.0,3.0,1140.0,40.0,27.0,2.0,660.0,40.0,15.0,3.0,860.0,40.0,17.0,2.0,671.4285714285714,33.214285714285715,19.142857142857142,2.5714285714285716,4
290,2022-06-25,1195,36.0,34,5,530.0,35.0,16.0,2.0,455.0,22.5,19.0,2.0,500.0,26.666666666666668,20.0,3.0,940.0,43.333333333333336,18.0,3.0,475.0,25.0,19.0,3.0,1140.0,40.0,27.0,2.0,660.0,40.0,15.0,3.0,747.8571428571429,32.642857142857146,21.857142857142858,2.857142857142857,5
291,2022-06-26,745,21.25,37,4,1195.0,36.0,34.0,5.0,530.0,35.0,16.0,2.0,455.0,22.5,19.0,2.0,500.0,26.666666666666668,20.0,3.0,940.0,43.333333333333336,18.0,3.0,475.0,25.0,19.0,3.0,1140.0,40.0,27.0,2.0,691.4285714285714,29.964285714285715,23.285714285714285,3.142857142857143,6
292,2022-06-27,660,35.0,18,2,745.0,21.25,37.0,4.0,1195.0,36.0,34.0,5.0,530.0,35.0,16.0,2.0,455.0,22.5,19.0,2.0,500.0,26.666666666666668,20.0,3.0,940.0,43.333333333333336,18.0,3.0,475.0,25.0,19.0,3.0,717.8571428571429,31.392857142857142,23.142857142857142,3.0,0
293,2022-06-28,760,31.666666666666668,18,3,660.0,35.0,18.0,2.0,745.0,21.25,37.0,4.0,1195.0,36.0,34.0,5.0,530.0,35.0,16.0,2.0,455.0,22.5,19.0,2.0,500.0,26.666666666666668,20.0,3.0,940.0,43.333333333333336,18.0,3.0,692.1428571428571,29.726190476190478,23.142857142857142,3.0,1
294,2022-06-29,560,40.0,14,1,760.0,31.666666666666668,18.0,3.0,660.0,35.0,18.0,2.0,745.0,21.25,37.0,4.0,1195.0,36.0,34.0,5.0,530.0,35.0,16.0,2.0,455.0,22.5,19.0,2.0,500.0,26.666666666666668,20.0,3.0,700.7142857142857,31.630952380952383,22.285714285714285,2.7142857142857144,2
295,2022-06-30,2600,40.714285714285715,63,7,560.0,40.0,14.0,1.0,760.0,31.666666666666668,18.0,3.0,660.0,35.0,18.0,2.0,745.0,21.25,37.0,4.0,1195.0,36.0,34.0,5.0,530.0,35.0,16.0,2.0,455.0,22.5,19.0,2.0,1007.1428571428571,34.23299319727891,28.571428571428573,3.4285714285714284,3
39,2022-07-04,1500,46.666666666666664,27,3,2600.0,40.714285714285715,63.0,7.0,560.0,40.0,14.0,1.0,760.0,31.666666666666668,18.0,3.0,660.0,35.0,18.0,2.0,745.0,21.25,37.0,4.0,1195.0,36.0,34.0,5.0,530.0,35.0,16.0,2.0,1145.7142857142858,35.89965986394558,30.142857142857142,3.5714285714285716,0
51,2022-07-05,1280,35.0,36,4,1500.0,46.666666666666664,27.0,3.0,2600.0,40.714285714285715,63.0,7.0,560.0,40.0,14.0,1.0,760.0,31.666666666666668,18.0,3.0,660.0,35.0,18.0,2.0,745.0,21.25,37.0,4.0,1195.0,36.0,34.0,5.0,1157.857142857143,35.756802721088434,30.428571428571427,3.4285714285714284,1
62,2022-07-06,425,37.5,9,2,1280.0,35.0,36.0,4.0,1500.0,46.666666666666664,27.0,3.0,2600.0,40.714285714285715,63.0,7.0,560.0,40.0,14.0,1.0,760.0,31.666666666666668,18.0,3.0,660.0,35.0,18.0,2.0,745.0,21.25,37.0,4.0,1112.142857142857,38.078231292517,26.428571428571427,3.142857142857143,2
74,2022-07-07,400,40.0,10,1,425.0,37.5,9.0,2.0,1280.0,35.0,36.0,4.0,1500.0,46.666666666666664,27.0,3.0,2600.0,40.714285714285715,63.0,7.0,560.0,40.0,14.0,1.0,760.0,31.666666666666668,18.0,3.0,660.0,35.0,18.0,2.0,1075.0,38.79251700680272,25.285714285714285,3.0,3
86,2022-07-08,220,20.0,11,1,400.0,40.0,10.0,1.0,425.0,37.5,9.0,2.0,1280.0,35.0,36.0,4.0,1500.0,46.666666666666664,27.0,3.0,2600.0,40.714285714285715,63.0,7.0,560.0,40.0,14.0,1.0,760.0,31.666666666666668,18.0,3.0,997.8571428571429,37.12585034013606,24.285714285714285,2.7142857142857144,4
96,2022-07-09,940,43.333333333333336,18,3,220.0,20.0,11.0,1.0,400.0,40.0,10.0,1.0,425.0,37.5,9.0,2.0,1280.0,35.0,36.0,4.0,1500.0,46.666666666666664,27.0,3.0,2600.0,40.714285714285715,63.0,7.0,560.0,40.0,14.0,1.0,1052.142857142857,37.60204081632653,24.857142857142858,3.0,5
127,2022-07-10,990,50.0,20,3,940.0,43.333333333333336,18.0,3.0,220.0,20.0,11.0,1.0,400.0,40.0,10.0,1.0,425.0,37.5,9.0,2.0,1280.0,35.0,36.0,4.0,1500.0,46.666666666666664,27.0,3.0,2600.0,40.714285714285715,63.0,7.0,822.1428571428571,38.92857142857143,18.714285714285715,2.4285714285714284,6
157,2022-07-11,400,40.0,10,1,990.0,50.0,20.0,3.0,940.0,43.333333333333336,18.0,3.0,220.0,20.0,11.0,1.0,400.0,40.0,10.0,1.0,425.0,37.5,9.0,2.0,1280.0,35.0,36.0,4.0,1500.0,46.666666666666664,27.0,3.0,665.0,37.976190476190474,16.285714285714285,2.142857142857143,0
186,2022-07-12,545,21.666666666666668,25,3,400.0,40.0,10.0,1.0,990.0,50.0,20.0,3.0,940.0,43.333333333333336,18.0,3.0,220.0,20.0,11.0,1.0,400.0,40.0,10.0,1.0,425.0,37.5,9.0,2.0,1280.0,35.0,36.0,4.0,560.0,36.07142857142857,14.714285714285714,2.0,1
296,2022-07-13,300,25.0,12,1,545.0,21.666666666666668,25.0,3.0,400.0,40.0,10.0,1.0,990.0,50.0,20.0,3.0,940.0,43.333333333333336,18.0,3.0,220.0,20.0,11.0,1.0,400.0,40.0,10.0,1.0,425.0,37.5,9.0,2.0,542.1428571428571,34.285714285714285,15.142857142857142,1.8571428571428572,2
297,2022-07-14,895,42.5,19,2,300.0,25.0,12.0,1.0,545.0,21.666666666666668,25.0,3.0,400.0,40.0,10.0,1.0,990.0,50.0,20.0,3.0,940.0,43.333333333333336,18.0,3.0,220.0,20.0,11.0,1.0,400.0,40.0,10.0,1.0,612.8571428571429,34.642857142857146,16.428571428571427,2.0,3
298,2022-07-15,120,20.0,6,1,895.0,42.5,19.0,2.0,300.0,25.0,12.0,1.0,545.0,21.666666666666668,25.0,3.0,400.0,40.0,10.0,1.0,990.0,50.0,20.0,3.0,940.0,43.333333333333336,18.0,3.0,220.0,20.0,11.0,1.0,598.5714285714286,34.642857142857146,15.714285714285714,2.0,4
299,2022-07-16,500,33.333333333333336,15,3,120.0,20.0,6.0,1.0,895.0,42.5,19.0,2.0,300.0,25.0,12.0,1.0,545.0,21.666666666666668,25.0,3.0,400.0,40.0,10.0,1.0,990.0,50.0,20.0,3.0,940.0,43.333333333333336,18.0,3.0,535.7142857142857,33.214285714285715,15.285714285714286,2.0,5
300,2022-07-17,865,36.25,31,4,500.0,33.333333333333336,15.0,3.0,120.0,20.0,6.0,1.0,895.0,42.5,19.0,2.0,300.0,25.0,12.0,1.0,545.0,21.666666666666668,25.0,3.0,400.0,40.0,10.0,1.0,990.0,50.0,20.0,3.0,517.8571428571429,31.25,16.857142857142858,2.142857142857143,6
301,2022-07-18,675,25.0,27,2,865.0,36.25,31.0,4.0,500.0,33.333333333333336,15.0,3.0,120.0,20.0,6.0,1.0,895.0,42.5,19.0,2.0,300.0,25.0,12.0,1.0,545.0,21.666666666666668,25.0,3.0,400.0,40.0,10.0,1.0,557.1428571428571,29.107142857142858,19.285714285714285,2.2857142857142856,0
302,2022-07-19,725,33.333333333333336,26,3,675.0,25.0,27.0,2.0,865.0,36.25,31.0,4.0,500.0,33.333333333333336,15.0,3.0,120.0,20.0,6.0,1.0,895.0,42.5,19.0,2.0,300.0,25.0,12.0,1.0,545.0,21.666666666666668,25.0,3.0,582.8571428571429,30.773809523809522,19.428571428571427,2.2857142857142856,1
303,2022-07-20,360,35.0,9,2,725.0,33.333333333333336,26.0,3.0,675.0,25.0,27.0,2.0,865.0,36.25,31.0,4.0,500.0,33.333333333333336,15.0,3.0,120.0,20.0,6.0,1.0,895.0,42.5,19.0,2.0,300.0,25.0,12.0,1.0,591.4285714285714,32.20238095238095,19.0,2.4285714285714284,2
304,2022-07-21,760,31.25,23,4,360.0,35.0,9.0,2.0,725.0,33.333333333333336,26.0,3.0,675.0,25.0,27.0,2.0,865.0,36.25,31.0,4.0,500.0,33.333333333333336,15.0,3.0,120.0,20.0,6.0,1.0,895.0,42.5,19.0,2.0,572.1428571428571,30.5952380952381,19.571428571428573,2.7142857142857144,3
305,2022-07-22,145,22.5,6,2,760.0,31.25,23.0,4.0,360.0,35.0,9.0,2.0,725.0,33.333333333333336,26.0,3.0,675.0,25.0,27.0,2.0,865.0,36.25,31.0,4.0,500.0,33.333333333333336,15.0,3.0,120.0,20.0,6.0,1.0,575.7142857142857,30.952380952380956,19.571428571428573,2.857142857142857,4
306,2022-07-23,200,20.0,10,1,145.0,22.5,6.0,2.0,760.0,31.25,23.0,4.0,360.0,35.0,9.0,2.0,725.0,33.333333333333336,26.0,3.0,675.0,25.0,27.0,2.0,865.0,36.25,31.0,4.0,500.0,33.333333333333336,15.0,3.0,532.8571428571429,29.047619047619047,18.857142857142858,2.5714285714285716,5
307,2022-07-24,740,35.0,22,2,200.0,20.0,10.0,1.0,145.0,22.5,6.0,2.0,760.0,31.25,23.0,4.0,360.0,35.0,9.0,2.0,725.0,33.333333333333336,26.0,3.0,675.0,25.0,27.0,2.0,865.0,36.25,31.0,4.0,515.0,28.86904761904762,17.571428571428573,2.2857142857142856,6
308,2022-07-25,620,40.0,13,2,740.0,35.0,22.0,2.0,200.0,20.0,10.0,1.0,145.0,22.5,6.0,2.0,760.0,31.25,23.0,4.0,360.0,35.0,9.0,2.0,725.0,33.333333333333336,26.0,3.0,675.0,25.0,27.0,2.0,507.14285714285717,31.011904761904763,15.571428571428571,2.2857142857142856,0
309,2022-07-26,1060,33.333333333333336,35,3,620.0,40.0,13.0,2.0,740.0,35.0,22.0,2.0,200.0,20.0,10.0,1.0,145.0,22.5,6.0,2.0,760.0,31.25,23.0,4.0,360.0,35.0,9.0,2.0,725.0,33.333333333333336,26.0,3.0,555.0,31.011904761904763,16.857142857142858,2.2857142857142856,1
310,2022-07-27,1000,28.0,34,5,1060.0,33.333333333333336,35.0,3.0,620.0,40.0,13.0,2.0,740.0,35.0,22.0,2.0,200.0,20.0,10.0,1.0,145.0,22.5,6.0,2.0,760.0,31.25,23.0,4.0,360.0,35.0,9.0,2.0,646.4285714285714,30.011904761904763,20.428571428571427,2.7142857142857144,2
311,2022-07-29,350,35.0,10,2,1000.0,28.0,34.0,5.0,1060.0,33.333333333333336,35.0,3.0,620.0,40.0,13.0,2.0,740.0,35.0,22.0,2.0,200.0,20.0,10.0,1.0,145.0,22.5,6.0,2.0,760.0,31.25,23.0,4.0,587.8571428571429,30.547619047619047,18.571428571428573,2.4285714285714284,4
312,2022-07-30,595,21.666666666666668,28,3,350.0,35.0,10.0,2.0,1000.0,28.0,34.0,5.0,1060.0,33.333333333333336,35.0,3.0,620.0,40.0,13.0,2.0,740.0,35.0,22.0,2.0,200.0,20.0,10.0,1.0,145.0,22.5,6.0,2.0,652.1428571428571,30.428571428571427,21.714285714285715,2.5714285714285716,5
313,2022-07-31,810,36.666666666666664,21,3,595.0,21.666666666666668,28.0,3.0,350.0,35.0,10.0,2.0,1000.0,28.0,34.0,5.0,1060.0,33.333333333333336,35.0,3.0,620.0,40.0,13.0,2.0,740.0,35.0,22.0,2.0,200.0,20.0,10.0,1.0,739.2857142857143,32.80952380952381,23.285714285714285,2.857142857142857,6
40,2022-08-04,350,30.0,16,3,810.0,36.666666666666664,21.0,3.0,595.0,21.666666666666668,28.0,3.0,350.0,35.0,10.0,2.0,1000.0,28.0,34.0,5.0,1060.0,33.333333333333336,35.0,3.0,620.0,40.0,13.0,2.0,740.0,35.0,22.0,2.0,683.5714285714286,32.095238095238095,22.428571428571427,3.0,3
52,2022-08-05,1355,34.166666666666664,42,6,350.0,30.0,16.0,3.0,810.0,36.666666666666664,21.0,3.0,595.0,21.666666666666668,28.0,3.0,350.0,35.0,10.0,2.0,1000.0,28.0,34.0,5.0,1060.0,33.333333333333336,35.0,3.0,620.0,40.0,13.0,2.0,788.5714285714286,31.261904761904763,26.571428571428573,3.5714285714285716,4
63,2022-08-06,280,20.0,14,1,1355.0,34.166666666666664,42.0,6.0,350.0,30.0,16.0,3.0,810.0,36.666666666666664,21.0,3.0,595.0,21.666666666666668,28.0,3.0,350.0,35.0,10.0,2.0,1000.0,28.0,34.0,5.0,1060.0,33.333333333333336,35.0,3.0,677.1428571428571,29.357142857142858,23.571428571428573,3.2857142857142856,5
75,2022-08-07,450,35.0,15,2,280.0,20.0,14.0,1.0,1355.0,34.166666666666664,42.0,6.0,350.0,30.0,16.0,3.0,810.0,36.666666666666664,21.0,3.0,595.0,21.666666666666668,28.0,3.0,350.0,35.0,10.0,2.0,1000.0,28.0,34.0,5.0,598.5714285714286,30.357142857142858,20.857142857142858,2.857142857142857,6
87,2022-08-08,580,30.0,17,2,450.0,35.0,15.0,2.0,280.0,20.0,14.0,1.0,1355.0,34.166666666666664,42.0,6.0,350.0,30.0,16.0,3.0,810.0,36.666666666666664,21.0,3.0,595.0,21.666666666666668,28.0,3.0,350.0,35.0,10.0,2.0,631.4285714285714,29.642857142857142,21.857142857142858,2.857142857142857,0
97,2022-08-09,990,40.0,21,3,580.0,30.0,17.0,2.0,450.0,35.0,15.0,2.0,280.0,20.0,14.0,1.0,1355.0,34.166666666666664,42.0,6.0,350.0,30.0,16.0,3.0,810.0,36.666666666666664,21.0,3.0,595.0,21.666666666666668,28.0,3.0,687.8571428571429,32.261904761904766,20.857142857142858,2.857142857142857,1
128,2022-08-10,1360,46.25,32,4,990.0,40.0,21.0,3.0,580.0,30.0,17.0,2.0,450.0,35.0,15.0,2.0,280.0,20.0,14.0,1.0,1355.0,34.166666666666664,42.0,6.0,350.0,30.0,16.0,3.0,810.0,36.666666666666664,21.0,3.0,766.4285714285714,33.63095238095239,22.428571428571427,3.0,2
158,2022-08-11,810,21.666666666666668,37,3,1360.0,46.25,32.0,4.0,990.0,40.0,21.0,3.0,580.0,30.0,17.0,2.0,450.0,35.0,15.0,2.0,280.0,20.0,14.0,1.0,1355.0,34.166666666666664,42.0,6.0,350.0,30.0,16.0,3.0,832.1428571428571,32.44047619047619,25.428571428571427,3.0,3
187,2022-08-12,520,40.0,13,1,810.0,21.666666666666668,37.0,3.0,1360.0,46.25,32.0,4.0,990.0,40.0,21.0,3.0,580.0,30.0,17.0,2.0,450.0,35.0,15.0,2.0,280.0,20.0,14.0,1.0,1355.0,34.166666666666664,42.0,6.0,712.8571428571429,33.273809523809526,21.285714285714285,2.2857142857142856,4
314,2022-08-13,1035,28.75,35,4,520.0,40.0,13.0,1.0,810.0,21.666666666666668,37.0,3.0,1360.0,46.25,32.0,4.0,990.0,40.0,21.0,3.0,580.0,30.0,17.0,2.0,450.0,35.0,15.0,2.0,280.0,20.0,14.0,1.0,820.7142857142857,34.523809523809526,24.285714285714285,2.7142857142857144,5
315,2022-08-14,1600,40.0,43,5,1035.0,28.75,35.0,4.0,520.0,40.0,13.0,1.0,810.0,21.666666666666668,37.0,3.0,1360.0,46.25,32.0,4.0,990.0,40.0,21.0,3.0,580.0,30.0,17.0,2.0,450.0,35.0,15.0,2.0,985.0,35.238095238095234,28.285714285714285,3.142857142857143,6
316,2022-08-15,1070,25.0,42,5,1600.0,40.0,43.0,5.0,1035.0,28.75,35.0,4.0,520.0,40.0,13.0,1.0,810.0,21.666666666666668,37.0,3.0,1360.0,46.25,32.0,4.0,990.0,40.0,21.0,3.0,580.0,30.0,17.0,2.0,1055.0,34.523809523809526,31.857142857142858,3.5714285714285716,0
317,2022-08-16,580,30.0,20,2,1070.0,25.0,42.0,5.0,1600.0,40.0,43.0,5.0,1035.0,28.75,35.0,4.0,520.0,40.0,13.0,1.0,810.0,21.666666666666668,37.0,3.0,1360.0,46.25,32.0,4.0,990.0,40.0,21.0,3.0,996.4285714285714,33.095238095238095,31.714285714285715,3.4285714285714284,1
318,2022-08-17,820,20.0,41,4,580.0,30.0,20.0,2.0,1070.0,25.0,42.0,5.0,1600.0,40.0,43.0,5.0,1035.0,28.75,35.0,4.0,520.0,40.0,13.0,1.0,810.0,21.666666666666668,37.0,3.0,1360.0,46.25,32.0,4.0,919.2857142857143,29.345238095238095,33.0,3.4285714285714284,2
319,2022-08-18,220,22.5,10,2,820.0,20.0,41.0,4.0,580.0,30.0,20.0,2.0,1070.0,25.0,42.0,5.0,1600.0,40.0,43.0,5.0,1035.0,28.75,35.0,4.0,520.0,40.0,13.0,1.0,810.0,21.666666666666668,37.0,3.0,835.0,29.464285714285715,29.142857142857142,3.2857142857142856,3
320,2022-08-19,60,20.0,3,1,220.0,22.5,10.0,2.0,820.0,20.0,41.0,4.0,580.0,30.0,20.0,2.0,1070.0,25.0,42.0,5.0,1600.0,40.0,43.0,5.0,1035.0,28.75,35.0,4.0,520.0,40.0,13.0,1.0,769.2857142857143,26.607142857142858,27.714285714285715,3.2857142857142856,4
321,2022-08-20,860,33.333333333333336,23,3,60.0,20.0,3.0,1.0,220.0,22.5,10.0,2.0,820.0,20.0,41.0,4.0,580.0,30.0,20.0,2.0,1070.0,25.0,42.0,5.0,1600.0,40.0,43.0,5.0,1035.0,28.75,35.0,4.0,744.2857142857143,27.261904761904763,26.0,3.142857142857143,5
322,2022-08-21,320,20.0,16,2,860.0,33.333333333333336,23.0,3.0,60.0,20.0,3.0,1.0,220.0,22.5,10.0,2.0,820.0,20.0,41.0,4.0,580.0,30.0,20.0,2.0,1070.0,25.0,42.0,5.0,1600.0,40.0,43.0,5.0,561.4285714285714,24.404761904761905,22.142857142857142,2.7142857142857144,6
323,2022-08-22,1835,37.0,46,5,320.0,20.0,16.0,2.0,860.0,33.333333333333336,23.0,3.0,60.0,20.0,3.0,1.0,220.0,22.5,10.0,2.0,820.0,20.0,41.0,4.0,580.0,30.0,20.0,2.0,1070.0,25.0,42.0,5.0,670.7142857142857,26.11904761904762,22.714285714285715,2.7142857142857144,0
324,2022-08-23,300,20.0,15,1,1835.0,37.0,46.0,5.0,320.0,20.0,16.0,2.0,860.0,33.333333333333336,23.0,3.0,60.0,20.0,3.0,1.0,220.0,22.5,10.0,2.0,820.0,20.0,41.0,4.0,580.0,30.0,20.0,2.0,630.7142857142857,24.690476190476193,22.0,2.5714285714285716,1
325,2022-08-24,920,25.0,38,4,300.0,20.0,15.0,1.0,1835.0,37.0,46.0,5.0,320.0,20.0,16.0,2.0,860.0,33.333333333333336,23.0,3.0,60.0,20.0,3.0,1.0,220.0,22.5,10.0,2.0,820.0,20.0,41.0,4.0,645.0,25.404761904761905,21.571428571428573,2.5714285714285716,2
326,2022-08-25,300,30.0,10,2,920.0,25.0,38.0,4.0,300.0,20.0,15.0,1.0,1835.0,37.0,46.0,5.0,320.0,20.0,16.0,2.0,860.0,33.333333333333336,23.0,3.0,60.0,20.0,3.0,1.0,220.0,22.5,10.0,2.0,656.4285714285714,26.476190476190478,21.571428571428573,2.5714285714285716,3
327,2022-08-26,1165,35.0,34,3,300.0,30.0,10.0,2.0,920.0,25.0,38.0,4.0,300.0,20.0,15.0,1.0,1835.0,37.0,46.0,5.0,320.0,20.0,16.0,2.0,860.0,33.333333333333336,23.0,3.0,60.0,20.0,3.0,1.0,814.2857142857143,28.61904761904762,26.0,2.857142857142857,4
328,2022-08-27,810,21.0,39,5,1165.0,35.0,34.0,3.0,300.0,30.0,10.0,2.0,920.0,25.0,38.0,4.0,300.0,20.0,15.0,1.0,1835.0,37.0,46.0,5.0,320.0,20.0,16.0,2.0,860.0,33.333333333333336,23.0,3.0,807.1428571428571,26.857142857142858,28.285714285714285,3.142857142857143,5
329,2022-08-28,855,32.5,27,2,810.0,21.0,39.0,5.0,1165.0,35.0,34.0,3.0,300.0,30.0,10.0,2.0,920.0,25.0,38.0,4.0,300.0,20.0,15.0,1.0,1835.0,37.0,46.0,5.0,320.0,20.0,16.0,2.0,883.5714285714286,28.642857142857142,29.857142857142858,3.142857142857143,6
330,2022-08-30,640,40.0,20,2,855.0,32.5,27.0,2.0,810.0,21.0,39.0,5.0,1165.0,35.0,34.0,3.0,300.0,30.0,10.0,2.0,920.0,25.0,38.0,4.0,300.0,20.0,15.0,1.0,1835.0,37.0,46.0,5.0,712.8571428571429,29.071428571428573,26.142857142857142,2.7142857142857144,1
331,2022-08-31,1200,35.0,41,8,640.0,40.0,20.0,2.0,855.0,32.5,27.0,2.0,810.0,21.0,39.0,5.0,1165.0,35.0,34.0,3.0,300.0,30.0,10.0,2.0,920.0,25.0,38.0,4.0,300.0,20.0,15.0,1.0,841.4285714285714,31.214285714285715,29.857142857142858,3.7142857142857144,2
41,2022-09-04,740,35.0,29,4,1200.0,35.0,41.0,8.0,640.0,40.0,20.0,2.0,855.0,32.5,27.0,2.0,810.0,21.0,39.0,5.0,1165.0,35.0,34.0,3.0,300.0,30.0,10.0,2.0,920.0,25.0,38.0,4.0,815.7142857142857,32.642857142857146,28.571428571428573,3.7142857142857144,6
53,2022-09-05,2335,31.875,75,8,740.0,35.0,29.0,4.0,1200.0,35.0,41.0,8.0,640.0,40.0,20.0,2.0,855.0,32.5,27.0,2.0,810.0,21.0,39.0,5.0,1165.0,35.0,34.0,3.0,300.0,30.0,10.0,2.0,1106.4285714285713,32.910714285714285,37.857142857142854,4.571428571428571,0
64,2022-09-06,520,40.0,13,2,2335.0,31.875,75.0,8.0,740.0,35.0,29.0,4.0,1200.0,35.0,41.0,8.0,640.0,40.0,20.0,2.0,855.0,32.5,27.0,2.0,810.0,21.0,39.0,5.0,1165.0,35.0,34.0,3.0,1014.2857142857143,33.625,34.857142857142854,4.428571428571429,1
76,2022-09-07,180,20.0,9,2,520.0,40.0,13.0,2.0,2335.0,31.875,75.0,8.0,740.0,35.0,29.0,4.0,1200.0,35.0,41.0,8.0,640.0,40.0,20.0,2.0,855.0,32.5,27.0,2.0,810.0,21.0,39.0,5.0,924.2857142857143,33.482142857142854,30.571428571428573,4.0,2
88,2022-09-08,1750,47.0,43,5,180.0,20.0,9.0,2.0,520.0,40.0,13.0,2.0,2335.0,31.875,75.0,8.0,740.0,35.0,29.0,4.0,1200.0,35.0,41.0,8.0,640.0,40.0,20.0,2.0,855.0,32.5,27.0,2.0,1052.142857142857,35.55357142857143,32.857142857142854,4.428571428571429,3
98,2022-09-09,340,38.333333333333336,9,3,1750.0,47.0,43.0,5.0,180.0,20.0,9.0,2.0,520.0,40.0,13.0,2.0,2335.0,31.875,75.0,8.0,740.0,35.0,29.0,4.0,1200.0,35.0,41.0,8.0,640.0,40.0,20.0,2.0,1009.2857142857143,35.31547619047619,31.285714285714285,4.571428571428571,4
129,2022-09-10,2580,43.333333333333336,57,6,340.0,38.333333333333336,9.0,3.0,1750.0,47.0,43.0,5.0,180.0,20.0,9.0,2.0,520.0,40.0,13.0,2.0,2335.0,31.875,75.0,8.0,740.0,35.0,29.0,4.0,1200.0,35.0,41.0,8.0,1206.4285714285713,36.50595238095238,33.57142857142857,4.285714285714286,5
159,2022-09-11,20,20.0,1,1,2580.0,43.333333333333336,57.0,6.0,340.0,38.333333333333336,9.0,3.0,1750.0,47.0,43.0,5.0,180.0,20.0,9.0,2.0,520.0,40.0,13.0,2.0,2335.0,31.875,75.0,8.0,740.0,35.0,29.0,4.0,1103.5714285714287,34.363095238095234,29.571428571428573,3.857142857142857,6
188,2022-09-12,970,34.0,26,5,20.0,20.0,1.0,1.0,2580.0,43.333333333333336,57.0,6.0,340.0,38.333333333333336,9.0,3.0,1750.0,47.0,43.0,5.0,180.0,20.0,9.0,2.0,520.0,40.0,13.0,2.0,2335.0,31.875,75.0,8.0,908.5714285714286,34.666666666666664,22.571428571428573,3.4285714285714284,0
332,2022-09-14,1660,24.0,70,5,970.0,34.0,26.0,5.0,20.0,20.0,1.0,1.0,2580.0,43.333333333333336,57.0,6.0,340.0,38.333333333333336,9.0,3.0,1750.0,47.0,43.0,5.0,180.0,20.0,9.0,2.0,520.0,40.0,13.0,2.0,1071.4285714285713,32.38095238095238,30.714285714285715,3.857142857142857,2
333,2022-09-15,680,28.333333333333332,23,3,1660.0,24.0,70.0,5.0,970.0,34.0,26.0,5.0,20.0,20.0,1.0,1.0,2580.0,43.333333333333336,57.0,6.0,340.0,38.333333333333336,9.0,3.0,1750.0,47.0,43.0,5.0,180.0,20.0,9.0,2.0,1142.857142857143,33.57142857142857,32.714285714285715,4.0,3
334,2022-09-16,140,20.0,7,2,680.0,28.333333333333332,23.0,3.0,1660.0,24.0,70.0,5.0,970.0,34.0,26.0,5.0,20.0,20.0,1.0,1.0,2580.0,43.333333333333336,57.0,6.0,340.0,38.333333333333336,9.0,3.0,1750.0,47.0,43.0,5.0,912.8571428571429,29.714285714285715,27.571428571428573,3.5714285714285716,4
335,2022-09-17,840,40.0,18,2,140.0,20.0,7.0,2.0,680.0,28.333333333333332,23.0,3.0,1660.0,24.0,70.0,5.0,970.0,34.0,26.0,5.0,20.0,20.0,1.0,1.0,2580.0,43.333333333333336,57.0,6.0,340.0,38.333333333333336,9.0,3.0,984.2857142857143,29.952380952380956,28.857142857142858,3.4285714285714284,5
336,2022-09-18,800,30.0,28,3,840.0,40.0,18.0,2.0,140.0,20.0,7.0,2.0,680.0,28.333333333333332,23.0,3.0,1660.0,24.0,70.0,5.0,970.0,34.0,26.0,5.0,20.0,20.0,1.0,1.0,2580.0,43.333333333333336,57.0,6.0,730.0,28.047619047619047,24.714285714285715,3.0,6
337,2022-09-19,540,35.0,14,4,800.0,30.0,28.0,3.0,840.0,40.0,18.0,2.0,140.0,20.0,7.0,2.0,680.0,28.333333333333332,23.0,3.0,1660.0,24.0,70.0,5.0,970.0,34.0,26.0,5.0,20.0,20.0,1.0,1.0,804.2857142857143,30.190476190476193,26.571428571428573,3.4285714285714284,0
338,2022-09-20,1910,56.666666666666664,34,3,540.0,35.0,14.0,4.0,800.0,30.0,28.0,3.0,840.0,40.0,18.0,2.0,140.0,20.0,7.0,2.0,680.0,28.333333333333332,23.0,3.0,1660.0,24.0,70.0,5.0,970.0,34.0,26.0,5.0,938.5714285714286,33.42857142857143,27.714285714285715,3.142857142857143,1
339,2022-09-21,2000,31.428571428571427,64,7,1910.0,56.666666666666664,34.0,3.0,540.0,35.0,14.0,4.0,800.0,30.0,28.0,3.0,840.0,40.0,18.0,2.0,140.0,20.0,7.0,2.0,680.0,28.333333333333332,23.0,3.0,1660.0,24.0,70.0,5.0,987.1428571428571,34.48979591836735,26.857142857142858,3.4285714285714284,2
340,2022-09-22,460,22.5,20,2,2000.0,31.428571428571427,64.0,7.0,1910.0,56.666666666666664,34.0,3.0,540.0,35.0,14.0,4.0,800.0,30.0,28.0,3.0,840.0,40.0,18.0,2.0,140.0,20.0,7.0,2.0,680.0,28.333333333333332,23.0,3.0,955.7142857142857,33.656462585034014,26.428571428571427,3.2857142857142856,3
341,2022-09-23,20,20.0,1,1,460.0,22.5,20.0,2.0,2000.0,31.428571428571427,64.0,7.0,1910.0,56.666666666666664,34.0,3.0,540.0,35.0,14.0,4.0,800.0,30.0,28.0,3.0,840.0,40.0,18.0,2.0,140.0,20.0,7.0,2.0,938.5714285714286,33.656462585034014,25.571428571428573,3.142857142857143,4
342,2022-09-24,280,20.0,14,1,20.0,20.0,1.0,1.0,460.0,22.5,20.0,2.0,2000.0,31.428571428571427,64.0,7.0,1910.0,56.666666666666664,34.0,3.0,540.0,35.0,14.0,4.0,800.0,30.0,28.0,3.0,840.0,40.0,18.0,2.0,858.5714285714286,30.799319727891156,25.0,3.0,5
343,2022-09-25,740,32.5,25,4,280.0,20.0,14.0,1.0,20.0,20.0,1.0,1.0,460.0,22.5,20.0,2.0,2000.0,31.428571428571427,64.0,7.0,1910.0,56.666666666666664,34.0,3.0,540.0,35.0,14.0,4.0,800.0,30.0,28.0,3.0,850.0,31.15646258503401,24.571428571428573,3.142857142857143,6
344,2022-09-27,555,28.333333333333332,24,3,740.0,32.5,25.0,4.0,280.0,20.0,14.0,1.0,20.0,20.0,1.0,1.0,460.0,22.5,20.0,2.0,2000.0,31.428571428571427,64.0,7.0,1910.0,56.666666666666664,34.0,3.0,540.0,35.0,14.0,4.0,852.1428571428571,30.20408163265306,26.0,3.0,1
345,2022-09-28,260,35.0,7,2,555.0,28.333333333333332,24.0,3.0,740.0,32.5,25.0,4.0,280.0,20.0,14.0,1.0,20.0,20.0,1.0,1.0,460.0,22.5,20.0,2.0,2000.0,31.428571428571427,64.0,7.0,1910.0,56.666666666666664,34.0,3.0,616.4285714285714,27.108843537414966,22.142857142857142,2.857142857142857,2
346,2022-09-29,220,20.0,11,2,260.0,35.0,7.0,2.0,555.0,28.333333333333332,24.0,3.0,740.0,32.5,25.0,4.0,280.0,20.0,14.0,1.0,20.0,20.0,1.0,1.0,460.0,22.5,20.0,2.0,2000.0,31.428571428571427,64.0,7.0,362.14285714285717,25.476190476190474,14.571428571428571,2.142857142857143,3
347,2022-09-30,800,37.5,19,2,220.0,20.0,11.0,2.0,260.0,35.0,7.0,2.0,555.0,28.333333333333332,24.0,3.0,740.0,32.5,25.0,4.0,280.0,20.0,14.0,1.0,20.0,20.0,1.0,1.0,460.0,22.5,20.0,2.0,410.7142857142857,27.619047619047617,14.428571428571429,2.142857142857143,4
42,2022-10-04,640,30.0,26,3,800.0,37.5,19.0,2.0,220.0,20.0,11.0,2.0,260.0,35.0,7.0,2.0,555.0,28.333333333333332,24.0,3.0,740.0,32.5,25.0,4.0,280.0,20.0,14.0,1.0,20.0,20.0,1.0,1.0,499.2857142857143,29.047619047619044,18.0,2.4285714285714284,1
54,2022-10-05,700,50.0,14,1,640.0,30.0,26.0,3.0,800.0,37.5,19.0,2.0,220.0,20.0,11.0,2.0,260.0,35.0,7.0,2.0,555.0,28.333333333333332,24.0,3.0,740.0,32.5,25.0,4.0,280.0,20.0,14.0,1.0,559.2857142857143,33.33333333333333,18.0,2.4285714285714284,2
65,2022-10-06,440,26.666666666666668,14,3,700.0,50.0,14.0,1.0,640.0,30.0,26.0,3.0,800.0,37.5,19.0,2.0,220.0,20.0,11.0,2.0,260.0,35.0,7.0,2.0,555.0,28.333333333333332,24.0,3.0,740.0,32.5,25.0,4.0,516.4285714285714,32.49999999999999,16.428571428571427,2.2857142857142856,3
77,2022-10-07,1295,46.25,27,4,440.0,26.666666666666668,14.0,3.0,700.0,50.0,14.0,1.0,640.0,30.0,26.0,3.0,800.0,37.5,19.0,2.0,220.0,20.0,11.0,2.0,260.0,35.0,7.0,2.0,555.0,28.333333333333332,24.0,3.0,622.1428571428571,35.05952380952381,16.857142857142858,2.4285714285714284,4
89,2022-10-08,905,22.0,40,5,1295.0,46.25,27.0,4.0,440.0,26.666666666666668,14.0,3.0,700.0,50.0,14.0,1.0,640.0,30.0,26.0,3.0,800.0,37.5,19.0,2.0,220.0,20.0,11.0,2.0,260.0,35.0,7.0,2.0,714.2857142857143,33.202380952380956,21.571428571428573,2.857142857142857,5
99,2022-10-09,50,25.0,2,1,905.0,22.0,40.0,5.0,1295.0,46.25,27.0,4.0,440.0,26.666666666666668,14.0,3.0,700.0,50.0,14.0,1.0,640.0,30.0,26.0,3.0,800.0,37.5,19.0,2.0,220.0,20.0,11.0,2.0,690.0,33.91666666666667,20.285714285714285,2.7142857142857144,6
130,2022-10-10,240,20.0,12,1,50.0,25.0,2.0,1.0,905.0,22.0,40.0,5.0,1295.0,46.25,27.0,4.0,440.0,26.666666666666668,14.0,3.0,700.0,50.0,14.0,1.0,640.0,30.0,26.0,3.0,800.0,37.5,19.0,2.0,610.0,31.416666666666668,19.285714285714285,2.5714285714285716,0
160,2022-10-11,570,55.0,11,2,240.0,20.0,12.0,1.0,50.0,25.0,2.0,1.0,905.0,22.0,40.0,5.0,1295.0,46.25,27.0,4.0,440.0,26.666666666666668,14.0,3.0,700.0,50.0,14.0,1.0,640.0,30.0,26.0,3.0,600.0,34.98809523809524,17.142857142857142,2.4285714285714284,1
189,2022-10-12,260,36.666666666666664,9,3,570.0,55.0,11.0,2.0,240.0,20.0,12.0,1.0,50.0,25.0,2.0,1.0,905.0,22.0,40.0,5.0,1295.0,46.25,27.0,4.0,440.0,26.666666666666668,14.0,3.0,700.0,50.0,14.0,1.0,537.1428571428571,33.083333333333336,16.428571428571427,2.7142857142857144,2
133,2022-10-13,710,36.666666666666664,21,3,260.0,36.666666666666664,9.0,3.0,570.0,55.0,11.0,2.0,240.0,20.0,12.0,1.0,50.0,25.0,2.0,1.0,905.0,22.0,40.0,5.0,1295.0,46.25,27.0,4.0,440.0,26.666666666666668,14.0,3.0,575.7142857142857,34.511904761904766,17.428571428571427,2.7142857142857144,3
134,2022-10-14,1365,41.666666666666664,35,3,710.0,36.666666666666664,21.0,3.0,260.0,36.666666666666664,9.0,3.0,570.0,55.0,11.0,2.0,240.0,20.0,12.0,1.0,50.0,25.0,2.0,1.0,905.0,22.0,40.0,5.0,1295.0,46.25,27.0,4.0,585.7142857142857,33.857142857142854,18.571428571428573,2.5714285714285716,4
135,2022-10-15,280,20.0,14,1,1365.0,41.666666666666664,35.0,3.0,710.0,36.666666666666664,21.0,3.0,260.0,36.666666666666664,9.0,3.0,570.0,55.0,11.0,2.0,240.0,20.0,12.0,1.0,50.0,25.0,2.0,1.0,905.0,22.0,40.0,5.0,496.42857142857144,33.57142857142857,14.857142857142858,2.0,5
136,2022-10-16,1040,31.25,33,4,280.0,20.0,14.0,1.0,1365.0,41.666666666666664,35.0,3.0,710.0,36.666666666666664,21.0,3.0,260.0,36.666666666666664,9.0,3.0,570.0,55.0,11.0,2.0,240.0,20.0,12.0,1.0,50.0,25.0,2.0,1.0,637.8571428571429,34.464285714285715,19.285714285714285,2.4285714285714284,6
137,2022-10-17,975,28.75,30,4,1040.0,31.25,33.0,4.0,280.0,20.0,14.0,1.0,1365.0,41.666666666666664,35.0,3.0,710.0,36.666666666666664,21.0,3.0,260.0,36.666666666666664,9.0,3.0,570.0,55.0,11.0,2.0,240.0,20.0,12.0,1.0,742.8571428571429,35.714285714285715,21.857142857142858,2.857142857142857,0
138,2022-10-18,965,35.0,27,3,975.0,28.75,30.0,4.0,1040.0,31.25,33.0,4.0,280.0,20.0,14.0,1.0,1365.0,41.666666666666664,35.0,3.0,710.0,36.666666666666664,21.0,3.0,260.0,36.666666666666664,9.0,3.0,570.0,55.0,11.0,2.0,799.2857142857143,32.857142857142854,24.142857142857142,3.0,1
139,2022-10-19,420,30.0,17,2,965.0,35.0,27.0,3.0,975.0,28.75,30.0,4.0,1040.0,31.25,33.0,4.0,280.0,20.0,14.0,1.0,1365.0,41.666666666666664,35.0,3.0,710.0,36.666666666666664,21.0,3.0,260.0,36.666666666666664,9.0,3.0,822.1428571428571,31.9047619047619,25.285714285714285,2.857142857142857,2
140,2022-10-20,670,41.25,21,4,420.0,30.0,17.0,2.0,965.0,35.0,27.0,3.0,975.0,28.75,30.0,4.0,1040.0,31.25,33.0,4.0,280.0,20.0,14.0,1.0,1365.0,41.666666666666664,35.0,3.0,710.0,36.666666666666664,21.0,3.0,816.4285714285714,32.55952380952381,25.285714285714285,3.0,3
141,2022-10-21,900,45.0,22,3,670.0,41.25,21.0,4.0,420.0,30.0,17.0,2.0,965.0,35.0,27.0,3.0,975.0,28.75,30.0,4.0,1040.0,31.25,33.0,4.0,280.0,20.0,14.0,1.0,1365.0,41.666666666666664,35.0,3.0,750.0,33.035714285714285,23.428571428571427,3.0,4
142,2022-10-22,885,35.0,16,3,900.0,45.0,22.0,3.0,670.0,41.25,21.0,4.0,420.0,30.0,17.0,2.0,965.0,35.0,27.0,3.0,975.0,28.75,30.0,4.0,1040.0,31.25,33.0,4.0,280.0,20.0,14.0,1.0,836.4285714285714,35.17857142857143,23.714285714285715,3.2857142857142856,5
143,2022-10-23,360,20.0,18,2,885.0,35.0,16.0,3.0,900.0,45.0,22.0,3.0,670.0,41.25,21.0,4.0,420.0,30.0,17.0,2.0,965.0,35.0,27.0,3.0,975.0,28.75,30.0,4.0,1040.0,31.25,33.0,4.0,739.2857142857143,33.57142857142857,21.571428571428573,3.0,6
144,2022-10-24,1140,35.0,30,4,360.0,20.0,18.0,2.0,885.0,35.0,16.0,3.0,900.0,45.0,22.0,3.0,670.0,41.25,21.0,4.0,420.0,30.0,17.0,2.0,965.0,35.0,27.0,3.0,975.0,28.75,30.0,4.0,762.8571428571429,34.464285714285715,21.571428571428573,3.0,0
145,2022-10-26,335,21.666666666666668,16,3,1140.0,35.0,30.0,4.0,360.0,20.0,18.0,2.0,885.0,35.0,16.0,3.0,900.0,45.0,22.0,3.0,670.0,41.25,21.0,4.0,420.0,30.0,17.0,2.0,965.0,35.0,27.0,3.0,672.8571428571429,32.55952380952381,20.0,3.0,2
146,2022-10-27,990,28.333333333333332,33,3,335.0,21.666666666666668,16.0,3.0,1140.0,35.0,30.0,4.0,360.0,20.0,18.0,2.0,885.0,35.0,16.0,3.0,900.0,45.0,22.0,3.0,670.0,41.25,21.0,4.0,420.0,30.0,17.0,2.0,754.2857142857143,32.32142857142857,22.285714285714285,3.142857142857143,3
147,2022-10-28,380,35.0,13,2,990.0,28.333333333333332,33.0,3.0,335.0,21.666666666666668,16.0,3.0,1140.0,35.0,30.0,4.0,360.0,20.0,18.0,2.0,885.0,35.0,16.0,3.0,900.0,45.0,22.0,3.0,670.0,41.25,21.0,4.0,712.8571428571429,31.428571428571427,21.142857142857142,2.857142857142857,4
148,2022-10-29,400,22.5,19,2,380.0,35.0,13.0,2.0,990.0,28.333333333333332,33.0,3.0,335.0,21.666666666666668,16.0,3.0,1140.0,35.0,30.0,4.0,360.0,20.0,18.0,2.0,885.0,35.0,16.0,3.0,900.0,45.0,22.0,3.0,641.4285714285714,28.214285714285715,20.714285714285715,2.7142857142857144,5
149,2022-10-30,875,21.25,41,4,400.0,22.5,19.0,2.0,380.0,35.0,13.0,2.0,990.0,28.333333333333332,33.0,3.0,335.0,21.666666666666668,16.0,3.0,1140.0,35.0,30.0,4.0,360.0,20.0,18.0,2.0,885.0,35.0,16.0,3.0,640.0,26.25,24.285714285714285,2.857142857142857,6
150,2022-10-31,1450,46.666666666666664,30,3,875.0,21.25,41.0,4.0,400.0,22.5,19.0,2.0,380.0,35.0,13.0,2.0,990.0,28.333333333333332,33.0,3.0,335.0,21.666666666666668,16.0,3.0,1140.0,35.0,30.0,4.0,360.0,20.0,18.0,2.0,795.7142857142857,30.059523809523814,26.0,3.0,0
43,2022-11-04,120,20.0,6,1,1450.0,46.666666666666664,30.0,3.0,875.0,21.25,41.0,4.0,400.0,22.5,19.0,2.0,380.0,35.0,13.0,2.0,990.0,28.333333333333332,33.0,3.0,335.0,21.666666666666668,16.0,3.0,1140.0,35.0,30.0,4.0,650.0,27.916666666666668,22.571428571428573,2.5714285714285716,4
55,2022-11-05,80,20.0,4,1,120.0,20.0,6.0,1.0,1450.0,46.666666666666664,30.0,3.0,875.0,21.25,41.0,4.0,400.0,22.5,19.0,2.0,380.0,35.0,13.0,2.0,990.0,28.333333333333332,33.0,3.0,335.0,21.666666666666668,16.0,3.0,613.5714285714286,27.678571428571427,20.857142857142858,2.2857142857142856,5
66,2022-11-06,1090,50.0,21,3,80.0,20.0,4.0,1.0,120.0,20.0,6.0,1.0,1450.0,46.666666666666664,30.0,3.0,875.0,21.25,41.0,4.0,400.0,22.5,19.0,2.0,380.0,35.0,13.0,2.0,990.0,28.333333333333332,33.0,3.0,627.8571428571429,30.773809523809526,19.142857142857142,2.2857142857142856,6
78,2022-11-07,1500,60.0,25,2,1090.0,50.0,21.0,3.0,80.0,20.0,4.0,1.0,120.0,20.0,6.0,1.0,1450.0,46.666666666666664,30.0,3.0,875.0,21.25,41.0,4.0,400.0,22.5,19.0,2.0,380.0,35.0,13.0,2.0,787.8571428571429,34.345238095238095,20.857142857142858,2.2857142857142856,0
100,2022-11-09,495,31.25,12,4,1500.0,60.0,25.0,2.0,1090.0,50.0,21.0,3.0,80.0,20.0,4.0,1.0,120.0,20.0,6.0,1.0,1450.0,46.666666666666664,30.0,3.0,875.0,21.25,41.0,4.0,400.0,22.5,19.0,2.0,801.4285714285714,35.595238095238095,19.857142857142858,2.5714285714285716,2
131,2022-11-10,2585,32.5,86,8,495.0,31.25,12.0,4.0,1500.0,60.0,25.0,2.0,1090.0,50.0,21.0,3.0,80.0,20.0,4.0,1.0,120.0,20.0,6.0,1.0,1450.0,46.666666666666664,30.0,3.0,875.0,21.25,41.0,4.0,1045.7142857142858,37.202380952380956,26.285714285714285,3.142857142857143,3
161,2022-11-11,500,20.0,25,2,2585.0,32.5,86.0,8.0,495.0,31.25,12.0,4.0,1500.0,60.0,25.0,2.0,1090.0,50.0,21.0,3.0,80.0,20.0,4.0,1.0,120.0,20.0,6.0,1.0,1450.0,46.666666666666664,30.0,3.0,910.0,33.392857142857146,25.571428571428573,3.0,4
190,2022-11-12,600,60.0,10,1,500.0,20.0,25.0,2.0,2585.0,32.5,86.0,8.0,495.0,31.25,12.0,4.0,1500.0,60.0,25.0,2.0,1090.0,50.0,21.0,3.0,80.0,20.0,4.0,1.0,120.0,20.0,6.0,1.0,978.5714285714286,39.107142857142854,26.142857142857142,3.0,5
163,2022-11-13,990,45.0,22,2,600.0,60.0,10.0,1.0,500.0,20.0,25.0,2.0,2585.0,32.5,86.0,8.0,495.0,31.25,12.0,4.0,1500.0,60.0,25.0,2.0,1090.0,50.0,21.0,3.0,80.0,20.0,4.0,1.0,1108.5714285714287,42.67857142857143,28.714285714285715,3.142857142857143,6
164,2022-11-14,225,22.5,11,2,990.0,45.0,22.0,2.0,600.0,60.0,10.0,1.0,500.0,20.0,25.0,2.0,2585.0,32.5,86.0,8.0,495.0,31.25,12.0,4.0,1500.0,60.0,25.0,2.0,1090.0,50.0,21.0,3.0,985.0,38.75,27.285714285714285,3.0,0
165,2022-11-15,1050,38.333333333333336,27,3,225.0,22.5,11.0,2.0,990.0,45.0,22.0,2.0,600.0,60.0,10.0,1.0,500.0,20.0,25.0,2.0,2585.0,32.5,86.0,8.0,495.0,31.25,12.0,4.0,1500.0,60.0,25.0,2.0,920.7142857142857,35.654761904761905,27.571428571428573,3.142857142857143,1
166,2022-11-16,240,20.0,12,2,1050.0,38.333333333333336,27.0,3.0,225.0,22.5,11.0,2.0,990.0,45.0,22.0,2.0,600.0,60.0,10.0,1.0,500.0,20.0,25.0,2.0,2585.0,32.5,86.0,8.0,495.0,31.25,12.0,4.0,884.2857142857143,34.047619047619044,27.571428571428573,2.857142857142857,2
167,2022-11-17,1260,30.0,43,4,240.0,20.0,12.0,2.0,1050.0,38.333333333333336,27.0,3.0,225.0,22.5,11.0,2.0,990.0,45.0,22.0,2.0,600.0,60.0,10.0,1.0,500.0,20.0,25.0,2.0,2585.0,32.5,86.0,8.0,695.0,33.69047619047619,21.428571428571427,2.2857142857142856,3
168,2022-11-18,520,40.0,18,2,1260.0,30.0,43.0,4.0,240.0,20.0,12.0,2.0,1050.0,38.333333333333336,27.0,3.0,225.0,22.5,11.0,2.0,990.0,45.0,22.0,2.0,600.0,60.0,10.0,1.0,500.0,20.0,25.0,2.0,697.8571428571429,36.547619047619044,20.428571428571427,2.2857142857142856,4
169,2022-11-19,1200,50.0,24,2,520.0,40.0,18.0,2.0,1260.0,30.0,43.0,4.0,240.0,20.0,12.0,2.0,1050.0,38.333333333333336,27.0,3.0,225.0,22.5,11.0,2.0,990.0,45.0,22.0,2.0,600.0,60.0,10.0,1.0,783.5714285714286,35.11904761904761,22.428571428571427,2.4285714285714284,5
170,2022-11-20,300,20.0,15,3,1200.0,50.0,24.0,2.0,520.0,40.0,18.0,2.0,1260.0,30.0,43.0,4.0,240.0,20.0,12.0,2.0,1050.0,38.333333333333336,27.0,3.0,225.0,22.5,11.0,2.0,990.0,45.0,22.0,2.0,685.0,31.547619047619044,21.428571428571427,2.5714285714285716,6
171,2022-11-21,100,20.0,5,1,300.0,20.0,15.0,3.0,1200.0,50.0,24.0,2.0,520.0,40.0,18.0,2.0,1260.0,30.0,43.0,4.0,240.0,20.0,12.0,2.0,1050.0,38.333333333333336,27.0,3.0,225.0,22.5,11.0,2.0,667.1428571428571,31.190476190476186,20.571428571428573,2.4285714285714284,0
172,2022-11-22,960,50.0,19,2,100.0,20.0,5.0,1.0,300.0,20.0,15.0,3.0,1200.0,50.0,24.0,2.0,520.0,40.0,18.0,2.0,1260.0,30.0,43.0,4.0,240.0,20.0,12.0,2.0,1050.0,38.333333333333336,27.0,3.0,654.2857142857143,32.857142857142854,19.428571428571427,2.2857142857142856,1
173,2022-11-23,970,35.0,35,4,960.0,50.0,19.0,2.0,100.0,20.0,5.0,1.0,300.0,20.0,15.0,3.0,1200.0,50.0,24.0,2.0,520.0,40.0,18.0,2.0,1260.0,30.0,43.0,4.0,240.0,20.0,12.0,2.0,758.5714285714286,35.0,22.714285714285715,2.5714285714285716,2
174,2022-11-24,740,40.0,20,3,970.0,35.0,35.0,4.0,960.0,50.0,19.0,2.0,100.0,20.0,5.0,1.0,300.0,20.0,15.0,3.0,1200.0,50.0,24.0,2.0,520.0,40.0,18.0,2.0,1260.0,30.0,43.0,4.0,684.2857142857143,36.42857142857143,19.428571428571427,2.4285714285714284,3
175,2022-11-25,800,43.333333333333336,19,3,740.0,40.0,20.0,3.0,970.0,35.0,35.0,4.0,960.0,50.0,19.0,2.0,100.0,20.0,5.0,1.0,300.0,20.0,15.0,3.0,1200.0,50.0,24.0,2.0,520.0,40.0,18.0,2.0,724.2857142857143,36.90476190476191,19.571428571428573,2.5714285714285716,4
176,2022-11-26,990,36.666666666666664,28,3,800.0,43.333333333333336,19.0,3.0,740.0,40.0,20.0,3.0,970.0,35.0,35.0,4.0,960.0,50.0,19.0,2.0,100.0,20.0,5.0,1.0,300.0,20.0,15.0,3.0,1200.0,50.0,24.0,2.0,694.2857142857143,35.0,20.142857142857142,2.7142857142857144,5
177,2022-11-27,575,25.0,23,2,990.0,36.666666666666664,28.0,3.0,800.0,43.333333333333336,19.0,3.0,740.0,40.0,20.0,3.0,970.0,35.0,35.0,4.0,960.0,50.0,19.0,2.0,100.0,20.0,5.0,1.0,300.0,20.0,15.0,3.0,733.5714285714286,35.714285714285715,21.285714285714285,2.5714285714285716,6
178,2022-11-28,1185,30.833333333333332,38,6,575.0,25.0,23.0,2.0,990.0,36.666666666666664,28.0,3.0,800.0,43.333333333333336,19.0,3.0,740.0,40.0,20.0,3.0,970.0,35.0,35.0,4.0,960.0,50.0,19.0,2.0,100.0,20.0,5.0,1.0,888.5714285714286,37.26190476190476,26.0,3.2857142857142856,0
179,2022-11-29,1675,45.0,38,3,1185.0,30.833333333333332,38.0,6.0,575.0,25.0,23.0,2.0,990.0,36.666666666666664,28.0,3.0,800.0,43.333333333333336,19.0,3.0,740.0,40.0,20.0,3.0,970.0,35.0,35.0,4.0,960.0,50.0,19.0,2.0,990.7142857142857,36.54761904761905,28.714285714285715,3.4285714285714284,1
180,2022-11-30,450,22.5,20,2,1675.0,45.0,38.0,3.0,1185.0,30.833333333333332,38.0,6.0,575.0,25.0,23.0,2.0,990.0,36.666666666666664,28.0,3.0,800.0,43.333333333333336,19.0,3.0,740.0,40.0,20.0,3.0,970.0,35.0,35.0,4.0,916.4285714285714,34.761904761904766,26.571428571428573,3.142857142857143,2
44,2022-12-04,260,40.0,11,2,450.0,22.5,20.0,2.0,1675.0,45.0,38.0,3.0,1185.0,30.833333333333332,38.0,6.0,575.0,25.0,23.0,2.0,990.0,36.666666666666664,28.0,3.0,800.0,43.333333333333336,19.0,3.0,740.0,40.0,20.0,3.0,847.8571428571429,34.761904761904766,25.285714285714285,3.0,6
56,2022-12-05,700,21.25,33,4,260.0,40.0,11.0,2.0,450.0,22.5,20.0,2.0,1675.0,45.0,38.0,3.0,1185.0,30.833333333333332,38.0,6.0,575.0,25.0,23.0,2.0,990.0,36.666666666666664,28.0,3.0,800.0,43.333333333333336,19.0,3.0,833.5714285714286,31.607142857142858,27.285714285714285,3.142857142857143,0
67,2022-12-06,650,50.0,13,1,700.0,21.25,33.0,4.0,260.0,40.0,11.0,2.0,450.0,22.5,20.0,2.0,1675.0,45.0,38.0,3.0,1185.0,30.833333333333332,38.0,6.0,575.0,25.0,23.0,2.0,990.0,36.666666666666664,28.0,3.0,785.0,33.511904761904766,25.142857142857142,2.857142857142857,1
79,2022-12-07,810,35.0,21,2,650.0,50.0,13.0,1.0,700.0,21.25,33.0,4.0,260.0,40.0,11.0,2.0,450.0,22.5,20.0,2.0,1675.0,45.0,38.0,3.0,1185.0,30.833333333333332,38.0,6.0,575.0,25.0,23.0,2.0,818.5714285714286,34.94047619047619,24.857142857142858,2.857142857142857,2
90,2022-12-08,1485,45.0,36,3,810.0,35.0,21.0,2.0,650.0,50.0,13.0,1.0,700.0,21.25,33.0,4.0,260.0,40.0,11.0,2.0,450.0,22.5,20.0,2.0,1675.0,45.0,38.0,3.0,1185.0,30.833333333333332,38.0,6.0,861.4285714285714,36.964285714285715,24.571428571428573,2.4285714285714284,3
101,2022-12-09,575,25.0,23,2,1485.0,45.0,36.0,3.0,810.0,35.0,21.0,2.0,650.0,50.0,13.0,1.0,700.0,21.25,33.0,4.0,260.0,40.0,11.0,2.0,450.0,22.5,20.0,2.0,1675.0,45.0,38.0,3.0,704.2857142857143,34.107142857142854,22.428571428571427,2.2857142857142856,4
132,2022-12-10,640,30.0,21,2,575.0,25.0,23.0,2.0,1485.0,45.0,36.0,3.0,810.0,35.0,21.0,2.0,650.0,50.0,13.0,1.0,700.0,21.25,33.0,4.0,260.0,40.0,11.0,2.0,450.0,22.5,20.0,2.0,731.4285714285714,35.17857142857143,22.571428571428573,2.2857142857142856,5
162,2022-12-11,680,35.0,21,4,640.0,30.0,21.0,2.0,575.0,25.0,23.0,2.0,1485.0,45.0,36.0,3.0,810.0,35.0,21.0,2.0,650.0,50.0,13.0,1.0,700.0,21.25,33.0,4.0,260.0,40.0,11.0,2.0,791.4285714285714,34.464285714285715,24.0,2.5714285714285716,6
191,2022-12-12,620,20.0,31,3,680.0,35.0,21.0,4.0,640.0,30.0,21.0,2.0,575.0,25.0,23.0,2.0,1485.0,45.0,36.0,3.0,810.0,35.0,21.0,2.0,650.0,50.0,13.0,1.0,700.0,21.25,33.0,4.0,780.0,34.285714285714285,23.714285714285715,2.4285714285714284,0
192,2022-12-13,1060,31.666666666666668,28,3,620.0,20.0,31.0,3.0,680.0,35.0,21.0,4.0,640.0,30.0,21.0,2.0,575.0,25.0,23.0,2.0,1485.0,45.0,36.0,3.0,810.0,35.0,21.0,2.0,650.0,50.0,13.0,1.0,838.5714285714286,31.666666666666664,25.857142857142858,2.7142857142857144,1
193,2022-12-14,1910,29.0,62,5,1060.0,31.666666666666668,28.0,3.0,620.0,20.0,31.0,3.0,680.0,35.0,21.0,4.0,640.0,30.0,21.0,2.0,575.0,25.0,23.0,2.0,1485.0,45.0,36.0,3.0,810.0,35.0,21.0,2.0,995.7142857142857,30.809523809523807,31.714285714285715,3.142857142857143,2
194,2022-12-15,400,20.0,20,3,1910.0,29.0,62.0,5.0,1060.0,31.666666666666668,28.0,3.0,620.0,20.0,31.0,3.0,680.0,35.0,21.0,4.0,640.0,30.0,21.0,2.0,575.0,25.0,23.0,2.0,1485.0,45.0,36.0,3.0,840.7142857142857,27.238095238095237,29.428571428571427,3.142857142857143,3
195,2022-12-16,140,20.0,7,2,400.0,20.0,20.0,3.0,1910.0,29.0,62.0,5.0,1060.0,31.666666666666668,28.0,3.0,620.0,20.0,31.0,3.0,680.0,35.0,21.0,4.0,640.0,30.0,21.0,2.0,575.0,25.0,23.0,2.0,778.5714285714286,26.523809523809522,27.142857142857142,3.142857142857143,4
196,2022-12-17,1200,35.0,32,4,140.0,20.0,7.0,2.0,400.0,20.0,20.0,3.0,1910.0,29.0,62.0,5.0,1060.0,31.666666666666668,28.0,3.0,620.0,20.0,31.0,3.0,680.0,35.0,21.0,4.0,640.0,30.0,21.0,2.0,858.5714285714286,27.23809523809524,28.714285714285715,3.4285714285714284,5
197,2022-12-18,200,20.0,10,1,1200.0,35.0,32.0,4.0,140.0,20.0,7.0,2.0,400.0,20.0,20.0,3.0,1910.0,29.0,62.0,5.0,1060.0,31.666666666666668,28.0,3.0,620.0,20.0,31.0,3.0,680.0,35.0,21.0,4.0,790.0,25.0952380952381,27.142857142857142,3.0,6
198,2022-12-19,40,20.0,2,1,200.0,20.0,10.0,1.0,1200.0,35.0,32.0,4.0,140.0,20.0,7.0,2.0,400.0,20.0,20.0,3.0,1910.0,29.0,62.0,5.0,1060.0,31.666666666666668,28.0,3.0,620.0,20.0,31.0,3.0,707.1428571428571,25.0952380952381,23.0,2.7142857142857144,0
199,2022-12-20,100,20.0,5,1,40.0,20.0,2.0,1.0,200.0,20.0,10.0,1.0,1200.0,35.0,32.0,4.0,140.0,20.0,7.0,2.0,400.0,20.0,20.0,3.0,1910.0,29.0,62.0,5.0,1060.0,31.666666666666668,28.0,3.0,570.0,23.428571428571427,19.714285714285715,2.4285714285714284,1
200,2022-12-21,1320,33.333333333333336,38,3,100.0,20.0,5.0,1.0,40.0,20.0,2.0,1.0,200.0,20.0,10.0,1.0,1200.0,35.0,32.0,4.0,140.0,20.0,7.0,2.0,400.0,20.0,20.0,3.0,1910.0,29.0,62.0,5.0,485.7142857142857,24.047619047619047,16.285714285714285,2.142857142857143,2
201,2022-12-22,1220,30.0,37,4,1320.0,33.333333333333336,38.0,3.0,100.0,20.0,5.0,1.0,40.0,20.0,2.0,1.0,200.0,20.0,10.0,1.0,1200.0,35.0,32.0,4.0,140.0,20.0,7.0,2.0,400.0,20.0,20.0,3.0,602.8571428571429,25.476190476190478,18.714285714285715,2.2857142857142856,3
202,2022-12-23,960,33.333333333333336,31,3,1220.0,30.0,37.0,4.0,1320.0,33.333333333333336,38.0,3.0,100.0,20.0,5.0,1.0,40.0,20.0,2.0,1.0,200.0,20.0,10.0,1.0,1200.0,35.0,32.0,4.0,140.0,20.0,7.0,2.0,720.0,27.380952380952383,22.142857142857142,2.4285714285714284,4
203,2022-12-24,500,21.0,23,5,960.0,33.333333333333336,31.0,3.0,1220.0,30.0,37.0,4.0,1320.0,33.333333333333336,38.0,3.0,100.0,20.0,5.0,1.0,40.0,20.0,2.0,1.0,200.0,20.0,10.0,1.0,1200.0,35.0,32.0,4.0,620.0,25.380952380952383,20.857142857142858,2.5714285714285716,5
204,2022-12-25,1530,32.0,53,5,500.0,21.0,23.0,5.0,960.0,33.333333333333336,31.0,3.0,1220.0,30.0,37.0,4.0,1320.0,33.333333333333336,38.0,3.0,100.0,20.0,5.0,1.0,40.0,20.0,2.0,1.0,200.0,20.0,10.0,1.0,810.0,27.0952380952381,27.0,3.142857142857143,6
205,2022-12-26,800,40.0,20,2,1530.0,32.0,53.0,5.0,500.0,21.0,23.0,5.0,960.0,33.333333333333336,31.0,3.0,1220.0,30.0,37.0,4.0,1320.0,33.333333333333336,38.0,3.0,100.0,20.0,5.0,1.0,40.0,20.0,2.0,1.0,918.5714285714286,29.952380952380956,29.571428571428573,3.2857142857142856,0
206,2022-12-27,725,28.333333333333332,23,3,800.0,40.0,20.0,2.0,1530.0,32.0,53.0,5.0,500.0,21.0,23.0,5.0,960.0,33.333333333333336,31.0,3.0,1220.0,30.0,37.0,4.0,1320.0,33.333333333333336,38.0,3.0,100.0,20.0,5.0,1.0,1007.8571428571429,31.142857142857146,32.142857142857146,3.5714285714285716,1
207,2022-12-28,815,25.0,38,5,725.0,28.333333333333332,23.0,3.0,800.0,40.0,20.0,2.0,1530.0,32.0,53.0,5.0,500.0,21.0,23.0,5.0,960.0,33.333333333333336,31.0,3.0,1220.0,30.0,37.0,4.0,1320.0,33.333333333333336,38.0,3.0,935.7142857142857,29.952380952380956,32.142857142857146,3.857142857142857,2
208,2022-12-29,930,21.25,43,4,815.0,25.0,38.0,5.0,725.0,28.333333333333332,23.0,3.0,800.0,40.0,20.0,2.0,1530.0,32.0,53.0,5.0,500.0,21.0,23.0,5.0,960.0,33.333333333333336,31.0,3.0,1220.0,30.0,37.0,4.0,894.2857142857143,28.702380952380956,33.0,3.857142857142857,3
209,2022-12-30,350,25.0,14,2,930.0,21.25,43.0,4.0,815.0,25.0,38.0,5.0,725.0,28.333333333333332,23.0,3.0,800.0,40.0,20.0,2.0,1530.0,32.0,53.0,5.0,500.0,21.0,23.0,5.0,960.0,33.333333333333336,31.0,3.0,807.1428571428571,27.511904761904763,30.571428571428573,3.7142857142857144,4
210,2022-12-31,520,40.0,13,1,350.0,25.0,14.0,2.0,930.0,21.25,43.0,4.0,815.0,25.0,38.0,5.0,725.0,28.333333333333332,23.0,3.0,800.0,40.0,20.0,2.0,1530.0,32.0,53.0,5.0,500.0,21.0,23.0,5.0,810.0,30.226190476190474,29.142857142857142,3.142857142857143,5
0,2023-01-01,1080,40.0,28,2,520.0,40.0,13.0,1.0,350.0,25.0,14.0,2.0,930.0,21.25,43.0,4.0,815.0,25.0,38.0,5.0,725.0,28.333333333333332,23.0,3.0,800.0,40.0,20.0,2.0,1530.0,32.0,53.0,5.0,745.7142857142857,31.369047619047617,25.571428571428573,2.7142857142857144,6
10,2023-01-02,950,46.666666666666664,22,3,1080.0,40.0,28.0,2.0,520.0,40.0,13.0,1.0,350.0,25.0,14.0,2.0,930.0,21.25,43.0,4.0,815.0,25.0,38.0,5.0,725.0,28.333333333333332,23.0,3.0,800.0,40.0,20.0,2.0,767.1428571428571,32.32142857142857,25.857142857142858,2.857142857142857,0
22,2023-01-03,1935,41.0,48,5,950.0,46.666666666666664,22.0,3.0,1080.0,40.0,28.0,2.0,520.0,40.0,13.0,1.0,350.0,25.0,14.0,2.0,930.0,21.25,43.0,4.0,815.0,25.0,38.0,5.0,725.0,28.333333333333332,23.0,3.0,940.0,34.13095238095238,29.428571428571427,3.142857142857143,1
102,2023-01-13,1195,31.666666666666668,35,3,1935.0,41.0,48.0,5.0,950.0,46.666666666666664,22.0,3.0,1080.0,40.0,28.0,2.0,520.0,40.0,13.0,1.0,350.0,25.0,14.0,2.0,930.0,21.25,43.0,4.0,815.0,25.0,38.0,5.0,994.2857142857143,35.08333333333333,29.0,2.857142857142857,4
103,2023-01-14,680,33.333333333333336,21,3,1195.0,31.666666666666668,35.0,3.0,1935.0,41.0,48.0,5.0,950.0,46.666666666666664,22.0,3.0,1080.0,40.0,28.0,2.0,520.0,40.0,13.0,1.0,350.0,25.0,14.0,2.0,930.0,21.25,43.0,4.0,958.5714285714286,36.8095238095238,25.857142857142858,2.7142857142857144,5
104,2023-01-15,320,22.5,13,2,680.0,33.333333333333336,21.0,3.0,1195.0,31.666666666666668,35.0,3.0,1935.0,41.0,48.0,5.0,950.0,46.666666666666664,22.0,3.0,1080.0,40.0,28.0,2.0,520.0,40.0,13.0,1.0,350.0,25.0,14.0,2.0,954.2857142857143,36.45238095238095,25.714285714285715,2.7142857142857144,6
105,2023-01-16,1820,42.0,42,5,320.0,22.5,13.0,2.0,680.0,33.333333333333336,21.0,3.0,1195.0,31.666666666666668,35.0,3.0,1935.0,41.0,48.0,5.0,950.0,46.666666666666664,22.0,3.0,1080.0,40.0,28.0,2.0,520.0,40.0,13.0,1.0,1140.0,36.73809523809524,29.857142857142858,3.2857142857142856,0
106,2023-01-17,300,50.0,6,1,1820.0,42.0,42.0,5.0,320.0,22.5,13.0,2.0,680.0,33.333333333333336,21.0,3.0,1195.0,31.666666666666668,35.0,3.0,1935.0,41.0,48.0,5.0,950.0,46.666666666666664,22.0,3.0,1080.0,40.0,28.0,2.0,1028.5714285714287,38.16666666666667,26.714285714285715,3.142857142857143,1
107,2023-01-18,585,35.0,14,3,300.0,50.0,6.0,1.0,1820.0,42.0,42.0,5.0,320.0,22.5,13.0,2.0,680.0,33.333333333333336,21.0,3.0,1195.0,31.666666666666668,35.0,3.0,1935.0,41.0,48.0,5.0,950.0,46.666666666666664,22.0,3.0,976.4285714285714,36.5,25.571428571428573,3.142857142857143,2
108,2023-01-19,780,42.5,20,2,585.0,35.0,14.0,3.0,300.0,50.0,6.0,1.0,1820.0,42.0,42.0,5.0,320.0,22.5,13.0,2.0,680.0,33.333333333333336,21.0,3.0,1195.0,31.666666666666668,35.0,3.0,1935.0,41.0,48.0,5.0,811.4285714285714,36.714285714285715,21.571428571428573,2.7142857142857144,3
109,2023-01-20,1305,41.25,31,4,780.0,42.5,20.0,2.0,585.0,35.0,14.0,3.0,300.0,50.0,6.0,1.0,1820.0,42.0,42.0,5.0,320.0,22.5,13.0,2.0,680.0,33.333333333333336,21.0,3.0,1195.0,31.666666666666668,35.0,3.0,827.1428571428571,38.083333333333336,21.0,2.857142857142857,4
110,2023-01-21,935,28.333333333333332,30,3,1305.0,41.25,31.0,4.0,780.0,42.5,20.0,2.0,585.0,35.0,14.0,3.0,300.0,50.0,6.0,1.0,1820.0,42.0,42.0,5.0,320.0,22.5,13.0,2.0,680.0,33.333333333333336,21.0,3.0,863.5714285714286,37.36904761904761,22.285714285714285,2.857142857142857,5
111,2023-01-22,300,20.0,15,1,935.0,28.333333333333332,30.0,3.0,1305.0,41.25,31.0,4.0,780.0,42.5,20.0,2.0,585.0,35.0,14.0,3.0,300.0,50.0,6.0,1.0,1820.0,42.0,42.0,5.0,320.0,22.5,13.0,2.0,860.7142857142857,37.01190476190476,22.571428571428573,2.7142857142857144,6
112,2023-01-23,570,42.5,13,2,300.0,20.0,15.0,1.0,935.0,28.333333333333332,30.0,3.0,1305.0,41.25,31.0,4.0,780.0,42.5,20.0,2.0,585.0,35.0,14.0,3.0,300.0,50.0,6.0,1.0,1820.0,42.0,42.0,5.0,682.1428571428571,37.08333333333333,18.428571428571427,2.2857142857142856,0
113,2023-01-24,340,22.5,15,2,570.0,42.5,13.0,2.0,300.0,20.0,15.0,1.0,935.0,28.333333333333332,30.0,3.0,1305.0,41.25,31.0,4.0,780.0,42.5,20.0,2.0,585.0,35.0,14.0,3.0,300.0,50.0,6.0,1.0,687.8571428571429,33.154761904761905,19.714285714285715,2.4285714285714284,1
114,2023-01-25,820,30.0,27,4,340.0,22.5,15.0,2.0,570.0,42.5,13.0,2.0,300.0,20.0,15.0,1.0,935.0,28.333333333333332,30.0,3.0,1305.0,41.25,31.0,4.0,780.0,42.5,20.0,2.0,585.0,35.0,14.0,3.0,721.4285714285714,32.44047619047619,21.571428571428573,2.5714285714285716,2
115,2023-01-26,1810,43.333333333333336,42,3,820.0,30.0,27.0,4.0,340.0,22.5,15.0,2.0,570.0,42.5,13.0,2.0,300.0,20.0,15.0,1.0,935.0,28.333333333333332,30.0,3.0,1305.0,41.25,31.0,4.0,780.0,42.5,20.0,2.0,868.5714285714286,32.55952380952381,24.714285714285715,2.7142857142857144,3
116,2023-01-27,855,31.666666666666668,29,3,1810.0,43.333333333333336,42.0,3.0,820.0,30.0,27.0,4.0,340.0,22.5,15.0,2.0,570.0,42.5,13.0,2.0,300.0,20.0,15.0,1.0,935.0,28.333333333333332,30.0,3.0,1305.0,41.25,31.0,4.0,804.2857142857143,31.190476190476193,24.428571428571427,2.5714285714285716,4
117,2023-01-28,800,27.5,37,4,855.0,31.666666666666668,29.0,3.0,1810.0,43.333333333333336,42.0,3.0,820.0,30.0,27.0,4.0,340.0,22.5,15.0,2.0,570.0,42.5,13.0,2.0,300.0,20.0,15.0,1.0,935.0,28.333333333333332,30.0,3.0,785.0,31.071428571428573,25.428571428571427,2.7142857142857144,5
118,2023-01-29,350,50.0,7,1,800.0,27.5,37.0,4.0,855.0,31.666666666666668,29.0,3.0,1810.0,43.333333333333336,42.0,3.0,820.0,30.0,27.0,4.0,340.0,22.5,15.0,2.0,570.0,42.5,13.0,2.0,300.0,20.0,15.0,1.0,792.1428571428571,35.357142857142854,24.285714285714285,2.7142857142857144,6
119,2023-01-30,1210,45.0,27,2,350.0,50.0,7.0,1.0,800.0,27.5,37.0,4.0,855.0,31.666666666666668,29.0,3.0,1810.0,43.333333333333336,42.0,3.0,820.0,30.0,27.0,4.0,340.0,22.5,15.0,2.0,570.0,42.5,13.0,2.0,883.5714285714286,35.714285714285715,26.285714285714285,2.7142857142857144,0
120,2023-01-31,740,35.0,19,4,1210.0,45.0,27.0,2.0,350.0,50.0,7.0,1.0,800.0,27.5,37.0,4.0,855.0,31.666666666666668,29.0,3.0,1810.0,43.333333333333336,42.0,3.0,820.0,30.0,27.0,4.0,340.0,22.5,15.0,2.0,940.7142857142857,37.5,26.857142857142858,3.0,1
1,2023-02-01,1265,27.5,44,4,740.0,35.0,19.0,4.0,1210.0,45.0,27.0,2.0,350.0,50.0,7.0,1.0,800.0,27.5,37.0,4.0,855.0,31.666666666666668,29.0,3.0,1810.0,43.333333333333336,42.0,3.0,820.0,30.0,27.0,4.0,1004.2857142857143,37.142857142857146,29.285714285714285,3.0,2
11,2023-02-02,440,30.0,16,2,1265.0,27.5,44.0,4.0,740.0,35.0,19.0,4.0,1210.0,45.0,27.0,2.0,350.0,50.0,7.0,1.0,800.0,27.5,37.0,4.0,855.0,31.666666666666668,29.0,3.0,1810.0,43.333333333333336,42.0,3.0,808.5714285714286,35.23809523809524,25.571428571428573,2.857142857142857,3
23,2023-02-03,1120,27.5,44,4,440.0,30.0,16.0,2.0,1265.0,27.5,44.0,4.0,740.0,35.0,19.0,4.0,1210.0,45.0,27.0,2.0,350.0,50.0,7.0,1.0,800.0,27.5,37.0,4.0,855.0,31.666666666666668,29.0,3.0,846.4285714285714,34.642857142857146,27.714285714285715,3.0,4
211,2023-02-13,2240,31.428571428571427,60,7,1120.0,27.5,44.0,4.0,440.0,30.0,16.0,2.0,1265.0,27.5,44.0,4.0,740.0,35.0,19.0,4.0,1210.0,45.0,27.0,2.0,350.0,50.0,7.0,1.0,800.0,27.5,37.0,4.0,1052.142857142857,35.20408163265306,31.0,3.4285714285714284,0
212,2023-02-14,540,40.0,13,2,2240.0,31.428571428571427,60.0,7.0,1120.0,27.5,44.0,4.0,440.0,30.0,16.0,2.0,1265.0,27.5,44.0,4.0,740.0,35.0,19.0,4.0,1210.0,45.0,27.0,2.0,350.0,50.0,7.0,1.0,1079.2857142857142,33.775510204081634,31.857142857142858,3.5714285714285716,1
213,2023-02-15,1370,36.666666666666664,32,3,540.0,40.0,13.0,2.0,2240.0,31.428571428571427,60.0,7.0,1120.0,27.5,44.0,4.0,440.0,30.0,16.0,2.0,1265.0,27.5,44.0,4.0,740.0,35.0,19.0,4.0,1210.0,45.0,27.0,2.0,1102.142857142857,32.585034013605444,32.57142857142857,3.7142857142857144,2
214,2023-02-16,650,30.0,20,3,1370.0,36.666666666666664,32.0,3.0,540.0,40.0,13.0,2.0,2240.0,31.428571428571427,60.0,7.0,1120.0,27.5,44.0,4.0,440.0,30.0,16.0,2.0,1265.0,27.5,44.0,4.0,740.0,35.0,19.0,4.0,1089.2857142857142,31.870748299319725,32.714285714285715,3.5714285714285716,3
215,2023-02-17,880,40.0,17,3,650.0,30.0,20.0,3.0,1370.0,36.666666666666664,32.0,3.0,540.0,40.0,13.0,2.0,2240.0,31.428571428571427,60.0,7.0,1120.0,27.5,44.0,4.0,440.0,30.0,16.0,2.0,1265.0,27.5,44.0,4.0,1034.2857142857142,33.656462585034014,28.857142857142858,3.4285714285714284,4
216,2023-02-18,600,40.0,15,1,880.0,40.0,17.0,3.0,650.0,30.0,20.0,3.0,1370.0,36.666666666666664,32.0,3.0,540.0,40.0,13.0,2.0,2240.0,31.428571428571427,60.0,7.0,1120.0,27.5,44.0,4.0,440.0,30.0,16.0,2.0,1057.142857142857,35.08503401360544,28.714285714285715,3.2857142857142856,5
217,2023-02-19,300,20.0,15,1,600.0,40.0,15.0,1.0,880.0,40.0,17.0,3.0,650.0,30.0,20.0,3.0,1370.0,36.666666666666664,32.0,3.0,540.0,40.0,13.0,2.0,2240.0,31.428571428571427,60.0,7.0,1120.0,27.5,44.0,4.0,940.0,34.01360544217687,24.571428571428573,2.857142857142857,6
218,2023-02-20,840,40.0,21,2,300.0,20.0,15.0,1.0,600.0,40.0,15.0,1.0,880.0,40.0,17.0,3.0,650.0,30.0,20.0,3.0,1370.0,36.666666666666664,32.0,3.0,540.0,40.0,13.0,2.0,2240.0,31.428571428571427,60.0,7.0,740.0,35.238095238095234,19.0,2.142857142857143,0
219,2023-02-21,960,50.0,20,2,840.0,40.0,21.0,2.0,300.0,20.0,15.0,1.0,600.0,40.0,15.0,1.0,880.0,40.0,17.0,3.0,650.0,30.0,20.0,3.0,1370.0,36.666666666666664,32.0,3.0,540.0,40.0,13.0,2.0,800.0,36.66666666666667,20.0,2.142857142857143,1
220,2023-02-22,850,36.666666666666664,23,3,960.0,50.0,20.0,2.0,840.0,40.0,21.0,2.0,300.0,20.0,15.0,1.0,600.0,40.0,15.0,1.0,880.0,40.0,17.0,3.0,650.0,30.0,20.0,3.0,1370.0,36.666666666666664,32.0,3.0,725.7142857142857,36.66666666666667,18.714285714285715,2.142857142857143,2
221,2023-02-23,1155,41.666666666666664,23,3,850.0,36.666666666666664,23.0,3.0,960.0,50.0,20.0,2.0,840.0,40.0,21.0,2.0,300.0,20.0,15.0,1.0,600.0,40.0,15.0,1.0,880.0,40.0,17.0,3.0,650.0,30.0,20.0,3.0,797.8571428571429,38.33333333333333,19.142857142857142,2.142857142857143,3
222,2023-02-24,1070,42.5,23,4,1155.0,41.666666666666664,23.0,3.0,850.0,36.666666666666664,23.0,3.0,960.0,50.0,20.0,2.0,840.0,40.0,21.0,2.0,300.0,20.0,15.0,1.0,600.0,40.0,15.0,1.0,880.0,40.0,17.0,3.0,825.0,38.69047619047619,20.0,2.2857142857142856,4
223,2023-02-25,490,35.0,11,2,1070.0,42.5,23.0,4.0,1155.0,41.666666666666664,23.0,3.0,850.0,36.666666666666664,23.0,3.0,960.0,50.0,20.0,2.0,840.0,40.0,21.0,2.0,300.0,20.0,15.0,1.0,600.0,40.0,15.0,1.0,809.2857142857143,37.976190476190474,19.428571428571427,2.4285714285714284,5
224,2023-02-26,1090,35.0,26,4,490.0,35.0,11.0,2.0,1070.0,42.5,23.0,4.0,1155.0,41.666666666666664,23.0,3.0,850.0,36.666666666666664,23.0,3.0,960.0,50.0,20.0,2.0,840.0,40.0,21.0,2.0,300.0,20.0,15.0,1.0,922.1428571428571,40.11904761904761,21.0,2.857142857142857,6
225,2023-02-27,1330,40.0,32,3,1090.0,35.0,26.0,4.0,490.0,35.0,11.0,2.0,1070.0,42.5,23.0,4.0,1155.0,41.666666666666664,23.0,3.0,850.0,36.666666666666664,23.0,3.0,960.0,50.0,20.0,2.0,840.0,40.0,21.0,2.0,992.1428571428571,40.11904761904761,22.571428571428573,3.0,0
226,2023-02-28,320,35.0,7,2,1330.0,40.0,32.0,3.0,1090.0,35.0,26.0,4.0,490.0,35.0,11.0,2.0,1070.0,42.5,23.0,4.0,1155.0,41.666666666666664,23.0,3.0,850.0,36.666666666666664,23.0,3.0,960.0,50.0,20.0,2.0,900.7142857142857,37.976190476190474,20.714285714285715,3.0,1
2,2023-03-01,2005,39.0,50,5,320.0,35.0,7.0,2.0,1330.0,40.0,32.0,3.0,1090.0,35.0,26.0,4.0,490.0,35.0,11.0,2.0,1070.0,42.5,23.0,4.0,1155.0,41.666666666666664,23.0,3.0,850.0,36.666666666666664,23.0,3.0,1065.7142857142858,38.3095238095238,24.571428571428573,3.2857142857142856,2
12,2023-03-02,1760,29.285714285714285,52,7,2005.0,39.0,50.0,5.0,320.0,35.0,7.0,2.0,1330.0,40.0,32.0,3.0,1090.0,35.0,26.0,4.0,490.0,35.0,11.0,2.0,1070.0,42.5,23.0,4.0,1155.0,41.666666666666664,23.0,3.0,1152.142857142857,36.54081632653061,28.714285714285715,3.857142857142857,3
24,2023-03-03,830,27.5,31,4,1760.0,29.285714285714285,52.0,7.0,2005.0,39.0,50.0,5.0,320.0,35.0,7.0,2.0,1330.0,40.0,32.0,3.0,1090.0,35.0,26.0,4.0,490.0,35.0,11.0,2.0,1070.0,42.5,23.0,4.0,1117.857142857143,34.39795918367347,29.857142857142858,3.857142857142857,4
227,2023-03-13,1400,50.0,28,2,830.0,27.5,31.0,4.0,1760.0,29.285714285714285,52.0,7.0,2005.0,39.0,50.0,5.0,320.0,35.0,7.0,2.0,1330.0,40.0,32.0,3.0,1090.0,35.0,26.0,4.0,490.0,35.0,11.0,2.0,1247.857142857143,36.54081632653061,32.285714285714285,3.857142857142857,0
228,2023-03-14,970,45.0,21,2,1400.0,50.0,28.0,2.0,830.0,27.5,31.0,4.0,1760.0,29.285714285714285,52.0,7.0,2005.0,39.0,50.0,5.0,320.0,35.0,7.0,2.0,1330.0,40.0,32.0,3.0,1090.0,35.0,26.0,4.0,1230.7142857142858,37.96938775510204,31.571428571428573,3.5714285714285716,1
229,2023-03-15,1730,42.5,37,6,970.0,45.0,21.0,2.0,1400.0,50.0,28.0,2.0,830.0,27.5,31.0,4.0,1760.0,29.285714285714285,52.0,7.0,2005.0,39.0,50.0,5.0,320.0,35.0,7.0,2.0,1330.0,40.0,32.0,3.0,1287.857142857143,38.326530612244895,32.285714285714285,4.0,2
230,2023-03-16,1030,28.75,32,4,1730.0,42.5,37.0,6.0,970.0,45.0,21.0,2.0,1400.0,50.0,28.0,2.0,830.0,27.5,31.0,4.0,1760.0,29.285714285714285,52.0,7.0,2005.0,39.0,50.0,5.0,320.0,35.0,7.0,2.0,1389.2857142857142,37.433673469387756,35.857142857142854,4.285714285714286,3
231,2023-03-17,750,32.5,24,2,1030.0,28.75,32.0,4.0,1730.0,42.5,37.0,6.0,970.0,45.0,21.0,2.0,1400.0,50.0,28.0,2.0,830.0,27.5,31.0,4.0,1760.0,29.285714285714285,52.0,7.0,2005.0,39.0,50.0,5.0,1210.0,36.505102040816325,32.142857142857146,3.857142857142857,4
232,2023-03-18,835,42.5,18,2,750.0,32.5,24.0,2.0,1030.0,28.75,32.0,4.0,1730.0,42.5,37.0,6.0,970.0,45.0,21.0,2.0,1400.0,50.0,28.0,2.0,830.0,27.5,31.0,4.0,1760.0,29.285714285714285,52.0,7.0,1077.857142857143,38.392857142857146,27.285714285714285,3.142857142857143,5
233,2023-03-19,3350,45.0,71,7,835.0,42.5,18.0,2.0,750.0,32.5,24.0,2.0,1030.0,28.75,32.0,4.0,1730.0,42.5,37.0,6.0,970.0,45.0,21.0,2.0,1400.0,50.0,28.0,2.0,830.0,27.5,31.0,4.0,1437.857142857143,40.892857142857146,33.0,3.5714285714285716,6
234,2023-03-20,360,40.0,9,1,3350.0,45.0,71.0,7.0,835.0,42.5,18.0,2.0,750.0,32.5,24.0,2.0,1030.0,28.75,32.0,4.0,1730.0,42.5,37.0,6.0,970.0,45.0,21.0,2.0,1400.0,50.0,28.0,2.0,1289.2857142857142,39.464285714285715,30.285714285714285,3.4285714285714284,0
235,2023-03-21,480,30.0,19,2,360.0,40.0,9.0,1.0,3350.0,45.0,71.0,7.0,835.0,42.5,18.0,2.0,750.0,32.5,24.0,2.0,1030.0,28.75,32.0,4.0,1730.0,42.5,37.0,6.0,970.0,45.0,21.0,2.0,1219.2857142857142,37.32142857142857,30.0,3.4285714285714284,1
236,2023-03-22,240,40.0,6,1,480.0,30.0,19.0,2.0,360.0,40.0,9.0,1.0,3350.0,45.0,71.0,7.0,835.0,42.5,18.0,2.0,750.0,32.5,24.0,2.0,1030.0,28.75,32.0,4.0,1730.0,42.5,37.0,6.0,1006.4285714285714,36.964285714285715,25.571428571428573,2.7142857142857144,2
237,2023-03-23,990,28.333333333333332,36,3,240.0,40.0,6.0,1.0,480.0,30.0,19.0,2.0,360.0,40.0,9.0,1.0,3350.0,45.0,71.0,7.0,835.0,42.5,18.0,2.0,750.0,32.5,24.0,2.0,1030.0,28.75,32.0,4.0,1000.7142857142857,36.904761904761905,26.142857142857142,2.5714285714285716,3
238,2023-03-24,80,40.0,2,1,990.0,28.333333333333332,36.0,3.0,240.0,40.0,6.0,1.0,480.0,30.0,19.0,2.0,360.0,40.0,9.0,1.0,3350.0,45.0,71.0,7.0,835.0,42.5,18.0,2.0,750.0,32.5,24.0,2.0,905.0,37.976190476190474,23.0,2.4285714285714284,4
239,2023-03-25,840,26.666666666666668,29,3,80.0,40.0,2.0,1.0,990.0,28.333333333333332,36.0,3.0,240.0,40.0,6.0,1.0,480.0,30.0,19.0,2.0,360.0,40.0,9.0,1.0,3350.0,45.0,71.0,7.0,835.0,42.5,18.0,2.0,905.7142857142857,35.714285714285715,24.571428571428573,2.5714285714285716,5
240,2023-03-26,280,33.333333333333336,12,3,840.0,26.666666666666668,29.0,3.0,80.0,40.0,2.0,1.0,990.0,28.333333333333332,36.0,3.0,240.0,40.0,6.0,1.0,480.0,30.0,19.0,2.0,360.0,40.0,9.0,1.0,3350.0,45.0,71.0,7.0,467.14285714285717,34.047619047619044,16.142857142857142,2.0,6
241,2023-03-27,1040,30.0,40,4,280.0,33.333333333333336,12.0,3.0,840.0,26.666666666666668,29.0,3.0,80.0,40.0,2.0,1.0,990.0,28.333333333333332,36.0,3.0,240.0,40.0,6.0,1.0,480.0,30.0,19.0,2.0,360.0,40.0,9.0,1.0,564.2857142857143,32.61904761904761,20.571428571428573,2.4285714285714284,0
242,2023-03-29,1080,40.0,27,2,1040.0,30.0,40.0,4.0,280.0,33.333333333333336,12.0,3.0,840.0,26.666666666666668,29.0,3.0,80.0,40.0,2.0,1.0,990.0,28.333333333333332,36.0,3.0,240.0,40.0,6.0,1.0,480.0,30.0,19.0,2.0,650.0,34.047619047619044,21.714285714285715,2.4285714285714284,2
243,2023-03-30,350,25.0,14,1,1080.0,40.0,27.0,2.0,1040.0,30.0,40.0,4.0,280.0,33.333333333333336,12.0,3.0,840.0,26.666666666666668,29.0,3.0,80.0,40.0,2.0,1.0,990.0,28.333333333333332,36.0,3.0,240.0,40.0,6.0,1.0,665.7142857142857,31.9047619047619,22.857142857142858,2.4285714285714284,3
3,2023-04-01,1470,31.25,41,4,350.0,25.0,14.0,1.0,1080.0,40.0,27.0,2.0,1040.0,30.0,40.0,4.0,280.0,33.333333333333336,12.0,3.0,840.0,26.666666666666668,29.0,3.0,80.0,40.0,2.0,1.0,990.0,28.333333333333332,36.0,3.0,734.2857142857143,32.32142857142857,23.571428571428573,2.5714285714285716,5
13,2023-04-02,1200,31.666666666666668,39,3,1470.0,31.25,41.0,4.0,350.0,25.0,14.0,1.0,1080.0,40.0,27.0,2.0,1040.0,30.0,40.0,4.0,280.0,33.333333333333336,12.0,3.0,840.0,26.666666666666668,29.0,3.0,80.0,40.0,2.0,1.0,894.2857142857143,31.13095238095238,28.857142857142858,2.857142857142857,6
25,2023-04-03,780,30.0,24,2,1200.0,31.666666666666668,39.0,3.0,1470.0,31.25,41.0,4.0,350.0,25.0,14.0,1.0,1080.0,40.0,27.0,2.0,1040.0,30.0,40.0,4.0,280.0,33.333333333333336,12.0,3.0,840.0,26.666666666666668,29.0,3.0,885.7142857142857,31.607142857142858,28.142857142857142,2.7142857142857144,0
4,2023-05-01,2430,46.0,47,5,780.0,30.0,24.0,2.0,1200.0,31.666666666666668,39.0,3.0,1470.0,31.25,41.0,4.0,350.0,25.0,14.0,1.0,1080.0,40.0,27.0,2.0,1040.0,30.0,40.0,4.0,280.0,33.333333333333336,12.0,3.0,1192.857142857143,33.41666666666667,33.142857142857146,3.0,0
14,2023-05-02,2165,40.714285714285715,56,7,2430.0,46.0,47.0,5.0,780.0,30.0,24.0,2.0,1200.0,31.666666666666668,39.0,3.0,1470.0,31.25,41.0,4.0,350.0,25.0,14.0,1.0,1080.0,40.0,27.0,2.0,1040.0,30.0,40.0,4.0,1353.5714285714287,34.94727891156463,35.42857142857143,3.4285714285714284,1
26,2023-05-03,420,20.0,21,4,2165.0,40.714285714285715,56.0,7.0,2430.0,46.0,47.0,5.0,780.0,30.0,24.0,2.0,1200.0,31.666666666666668,39.0,3.0,1470.0,31.25,41.0,4.0,350.0,25.0,14.0,1.0,1080.0,40.0,27.0,2.0,1259.2857142857142,32.09013605442177,34.57142857142857,3.7142857142857144,2
5,2023-06-01,1570,43.75,34,4,420.0,20.0,21.0,4.0,2165.0,40.714285714285715,56.0,7.0,2430.0,46.0,47.0,5.0,780.0,30.0,24.0,2.0,1200.0,31.666666666666668,39.0,3.0,1470.0,31.25,41.0,4.0,350.0,25.0,14.0,1.0,1433.5714285714287,34.7687074829932,37.42857142857143,4.142857142857143,3
15,2023-06-02,500,20.0,25,3,1570.0,43.75,34.0,4.0,420.0,20.0,21.0,4.0,2165.0,40.714285714285715,56.0,7.0,2430.0,46.0,47.0,5.0,780.0,30.0,24.0,2.0,1200.0,31.666666666666668,39.0,3.0,1470.0,31.25,41.0,4.0,1295.0,33.161564625850346,35.142857142857146,4.0,4
27,2023-06-03,420,60.0,7,1,500.0,20.0,25.0,3.0,1570.0,43.75,34.0,4.0,420.0,20.0,21.0,4.0,2165.0,40.714285714285715,56.0,7.0,2430.0,46.0,47.0,5.0,780.0,30.0,24.0,2.0,1200.0,31.666666666666668,39.0,3.0,1183.5714285714287,37.20918367346939,30.571428571428573,3.7142857142857144,5
6,2023-07-01,170,35.0,4,2,420.0,60.0,7.0,1.0,500.0,20.0,25.0,3.0,1570.0,43.75,34.0,4.0,420.0,20.0,21.0,4.0,2165.0,40.714285714285715,56.0,7.0,2430.0,46.0,47.0,5.0,780.0,30.0,24.0,2.0,1096.4285714285713,37.923469387755105,27.714285714285715,3.7142857142857144,5
16,2023-07-02,1620,36.0,52,5,170.0,35.0,4.0,2.0,420.0,60.0,7.0,1.0,500.0,20.0,25.0,3.0,1570.0,43.75,34.0,4.0,420.0,20.0,21.0,4.0,2165.0,40.714285714285715,56.0,7.0,2430.0,46.0,47.0,5.0,980.7142857142857,36.494897959183675,28.428571428571427,3.7142857142857144,6
28,2023-07-03,240,40.0,10,2,1620.0,36.0,52.0,5.0,170.0,35.0,4.0,2.0,420.0,60.0,7.0,1.0,500.0,20.0,25.0,3.0,1570.0,43.75,34.0,4.0,420.0,20.0,21.0,4.0,2165.0,40.714285714285715,56.0,7.0,705.7142857142857,36.392857142857146,21.857142857142858,3.0,0
17,2023-08-02,900,30.0,27,3,240.0,40.0,10.0,2.0,1620.0,36.0,52.0,5.0,170.0,35.0,4.0,2.0,420.0,60.0,7.0,1.0,500.0,20.0,25.0,3.0,1570.0,43.75,34.0,4.0,420.0,20.0,21.0,4.0,774.2857142857143,37.82142857142857,22.714285714285715,2.857142857142857,2
29,2023-08-03,780,40.0,21,2,900.0,30.0,27.0,3.0,240.0,40.0,10.0,2.0,1620.0,36.0,52.0,5.0,170.0,35.0,4.0,2.0,420.0,60.0,7.0,1.0,500.0,20.0,25.0,3.0,1570.0,43.75,34.0,4.0,661.4285714285714,37.285714285714285,20.857142857142858,2.5714285714285716,3
18,2023-09-02,300,20.0,15,1,780.0,40.0,21.0,2.0,900.0,30.0,27.0,3.0,240.0,40.0,10.0,2.0,1620.0,36.0,52.0,5.0,170.0,35.0,4.0,2.0,420.0,60.0,7.0,1.0,500.0,20.0,25.0,3.0,632.8571428571429,37.285714285714285,19.428571428571427,2.2857142857142856,5
30,2023-09-03,2230,35.833333333333336,63,6,300.0,20.0,15.0,1.0,780.0,40.0,21.0,2.0,900.0,30.0,27.0,3.0,240.0,40.0,10.0,2.0,1620.0,36.0,52.0,5.0,170.0,35.0,4.0,2.0,420.0,60.0,7.0,1.0,891.4285714285714,33.83333333333333,27.428571428571427,3.0,6
7,2023-10-01,740,25.0,30,4,2230.0,35.833333333333336,63.0,6.0,300.0,20.0,15.0,1.0,780.0,40.0,21.0,2.0,900.0,30.0,27.0,3.0,240.0,40.0,10.0,2.0,1620.0,36.0,52.0,5.0,170.0,35.0,4.0,2.0,972.8571428571429,32.404761904761905,31.142857142857142,3.2857142857142856,6
19,2023-10-02,625,32.5,19,2,740.0,25.0,30.0,4.0,2230.0,35.833333333333336,63.0,6.0,300.0,20.0,15.0,1.0,780.0,40.0,21.0,2.0,900.0,30.0,27.0,3.0,240.0,40.0,10.0,2.0,1620.0,36.0,52.0,5.0,830.7142857142857,31.9047619047619,26.428571428571427,2.857142857142857,0
31,2023-10-03,590,35.0,19,2,625.0,32.5,19.0,2.0,740.0,25.0,30.0,4.0,2230.0,35.833333333333336,63.0,6.0,300.0,20.0,15.0,1.0,780.0,40.0,21.0,2.0,900.0,30.0,27.0,3.0,240.0,40.0,10.0,2.0,880.7142857142857,31.190476190476186,27.714285714285715,2.857142857142857,1
8,2023-11-01,1125,25.833333333333332,40,6,590.0,35.0,19.0,2.0,625.0,32.5,19.0,2.0,740.0,25.0,30.0,4.0,2230.0,35.833333333333336,63.0,6.0,300.0,20.0,15.0,1.0,780.0,40.0,21.0,2.0,900.0,30.0,27.0,3.0,912.8571428571429,30.595238095238095,29.571428571428573,3.2857142857142856,2
20,2023-11-02,250,25.0,10,1,1125.0,25.833333333333332,40.0,6.0,590.0,35.0,19.0,2.0,625.0,32.5,19.0,2.0,740.0,25.0,30.0,4.0,2230.0,35.833333333333336,63.0,6.0,300.0,20.0,15.0,1.0,780.0,40.0,21.0,2.0,837.1428571428571,28.452380952380953,28.0,3.142857142857143,3
32,2023-11-03,160,20.0,8,2,250.0,25.0,10.0,1.0,1125.0,25.833333333333332,40.0,6.0,590.0,35.0,19.0,2.0,625.0,32.5,19.0,2.0,740.0,25.0,30.0,4.0,2230.0,35.833333333333336,63.0,6.0,300.0,20.0,15.0,1.0,817.1428571428571,28.452380952380953,27.0,3.2857142857142856,4
9,2023-12-01,1100,40.0,27,2,160.0,20.0,8.0,2.0,250.0,25.0,10.0,1.0,1125.0,25.833333333333332,40.0,6.0,590.0,35.0,19.0,2.0,625.0,32.5,19.0,2.0,740.0,25.0,30.0,4.0,2230.0,35.833333333333336,63.0,6.0,655.7142857142857,29.047619047619044,21.857142857142858,2.7142857142857144,4
21,2023-12-02,200,50.0,4,1,1100.0,40.0,27.0,2.0,160.0,20.0,8.0,2.0,250.0,25.0,10.0,1.0,1125.0,25.833333333333332,40.0,6.0,590.0,35.0,19.0,2.0,625.0,32.5,19.0,2.0,740.0,25.0,30.0,4.0,578.5714285714286,32.61904761904761,18.142857142857142,2.2857142857142856,5
33,2023-12-03,80,20.0,4,1,200.0,50.0,4.0,1.0,1100.0,40.0,27.0,2.0,160.0,20.0,8.0,2.0,250.0,25.0,10.0,1.0,1125.0,25.833333333333332,40.0,6.0,590.0,35.0,19.0,2.0,625.0,32.5,19.0,2.0,500.7142857142857,30.833333333333332,16.0,2.142857142857143,6
